Origin (UTC)	Country	Lat	Long	Depth (km)	Magnitude	PDE Shaking Deaths	PDE Total Deaths	Utsu Total Deaths	EM-DAT Total Deaths	Other Source Deaths
1976-07-27 19:42 	China	39.605	117.888	16.7	7.6 Mw 	655237	655237	242800	242000	
2005-10-08 03:50 	Pakistan	34.465	73.584	23.1	7.6 Mw 	87351	87351		73338	
2008-05-12 06:28 	China	31.002	103.322	19	7.9 Mw 	69195	88287		87476	
1990-06-20 21:00 	Iran	37.001	49.216	17.9	7.4 Mw 	45000	45000	35000	40000	
2003-12-26 01:56 	Iran	28.95	58.268	6	6.6 Mw 	31000	31000		26796	26271
1988-12-07 07:41 	Armenia	40.919	44.118	6.7	6.7 Mw 	25000	25000	25000	25000	
1976-02-04 09:01 	Guatemala	15.296	-89.145	12.3	7.5 Mw 	23000	23000	22870	23000	
2001-01-26 03:16 	India	23.402	70.287	23.3	7.6 Mw 	20023	20023	20023	20005	
1999-08-17 00:01 	Turkey	40.773	30.003	13.3	7.6 Mw 	17118		17118	17127	45000
1978-09-16 15:35 	Iran	33.242	57.382	8.2	7.4 Mw 	15000	15000	18220	25000	
1993-09-29 22:25 	India	18.06	76.478	14.1	6.2 Mw 	9748	9748	9748	9748	
1985-09-19 13:17 	Mexico	18.42	-102.38	15	8.0 Mw 	9500	9500	9500	9500	
2006-05-26 22:53 	Indonesia	-7.961	110.446	12	6.4 Mw 	5749	5749			
1995-01-16 20:46 	Japan	34.58	135.025	22	6.9 Mw 	5502	5530	6432	5297	
1974-12-28 12:11 	Pakistan	35.026	72.898	12.5	6.2 Ms 	5300	5300	5300		
1972-04-10 02:06 	Iran	28.408	52.789	6	6.7 Mw 	5054	5054	5010	5057	
1972-12-23 06:29 	Nicaragua	12.347	-86.128	7.3	6.2 Ms 	5000	5000	10000	10000	
1976-11-24 12:22 	Turkey	39.082	44.031	8.9	7.0 Mw 	5000	5000	3900	3840	
1980-10-10 12:25 	Algeria 	36.143	1.404	15	7.1 Mw 	5000	5000	3500	2633	
1998-05-30 06:22 	Afghanistan	37.185	70.075	35.5	6.5 Mw 	4000	4000	4000	4700	
1969-07-25 22:49 	China   	21.612	111.809	3.4	5.9 Ms 	3000	3000	33	3000	
1980-11-23 18:34 	Italy   	40.788	15.31	6.9	6.9 Mw 	3000	4900	2483	4689	
1981-06-11 07:24 	Iran 	29.858	57.686	17.3	6.6 Mw 	3000	3000	3000	2000	
1982-12-13 09:12 	Yemen   	14.675	44.223	7	6.2 Mw 	2800	2800	2800	1507	
1998-02-04 14:33 	Afghanistan   	37.08	70.004	17.6	5.9 Mw 	2323	2323	2323	2323	
1975-09-06 09:20 	Turkey   	38.515	40.768	39.6	6.7 Ms 	2311	2311	2370	2385	
1999-09-20 17:47 	Taiwan   	23.819	120.877	21	7.6 Mw 	2297	2297	2413	2264	2489
2003-05-21 18:44 	Algeria   	36.88	3.694	12	6.8 Mw 	2266	2266		2266	
1968-09-01 07:27 	Iran   	34.072	58.212	8.8	6.3 Ms 	2000	2000	900	10000	
1991-10-19 21:23 	India   	30.725	78.775	9.3	6.8 Mw 	2000	2000	2000	1500	
1995-05-27 13:03 	Russian Federation   	52.604	142.823	11	7.0 Mw 	1989	1989	1989	1989	
1990-07-16 07:26 	Philippines   	15.721	121.18	24.3	7.7 Mw 	1621	1621	2430	2412	
1997-05-10 07:57 	Iran   	33.848	59.81	12.6	7.2 Mw 	1572	1572	1572	1568	
1981-07-28 17:22 	Iran 	29.976	57.767	13.6	7.2 Mw 	1500	1500	1500	1200	
1983-10-30 04:12 	Turkey   	40.327	42.176	15	6.6 Mw 	1342	1342	1400	1346	
2005-03-28 16:09 	Indonesia   	2.069	97.097	22	8.6 Mw 	1303	1313		915	
1999-01-25 18:19 	Colombia   	4.444	-75.659	17	6.1 Mw 	1185	1885	1900	1186	
1997-02-28 12:57 	Iran   	38.108	48.069	9.7	6.1 Mw 	1100	1100	1100	1100	
1970-03-28 21:02 	Turkey   	39.172	29.55	24.2	7.4 Muk 	1086	1086	1086	1086	
1971-05-22 16:44 	Turkey   	38.868	40.542	3.6	6.7 Ms 	1000	1000	995	878	
1987-03-06 04:10 	Ecuador 	0.082	-77.787	17.1	7.1 Mw 	1000	5000	5000		
2002-03-25 14:56 	Afghanistan   	36.051	69.21	10.5	6.1 Mw 	1000	1000	1000	1000	
1988-08-20 23:09 	Nepal   	26.763	86.618	57	6.8 Mw 	998	998	1450	709	
1986-10-10 17:49 	El Salvador   	13.791	-89.165	10.9	7.3 Mw 	950	1000	1500	1100	
1976-05-06 20:00 	Italy   	46.385	13.266	20.7	6.5 Mw 	900	900	965	922	
1999-11-12 16:57 	Turkey   	40.803	31.219	12.8	7.2 Mw 	894	894	894	845	
1988-11-06 13:03 	China 	22.909	99.681	6.5	7.0 Mw 	730	730	748		
2004-02-24 02:27 	Morocco   	35.184	-3.985	8	6.3 Mw 	631	631		628	
2005-02-22 02:25 	Iran   	30.691	56.794	7	6.4 Mw 	612	612		612	
1973-08-28 09:50 	Mexico   	18.233	-96.608	80.6	7.2 Muk 	600	600	600	500	
1979-12-12 07:59 	Colombia 	1.603	-79.363	23.6	8.1 Mw 	600	600	600	300	
1977-12-19 23:34 	Iran 	30.911	56.413	11.6	5.9 Mw 	584	584	665	589	
1976-07-14 07:13 	Indonesia 	-8.228	114.774	24.8	6.5 Mw 	563	563	563	573	
1992-10-12 13:09 	Egypt   	29.714	31.144	22	5.8 Mw 	552	552	552	552	
2007-08-15 23:40 	Peru   	-13.38	-76.61	39	8.0 Mw 	514	514		519	
1992-03-13 17:18 	Turkey   	39.727	39.651	7	6.6 Mw 	498		652	653	
1982-12-16 00:40 	Afghanistan 	36.136	68.933	35.5	6.4 Mw 	450	450	500	500	
1983-12-22 04:11 	Guinea 	11.862	-13.511	7.8	6.3 Mw 	443	643	643	275	
1976-06-25 19:18 	Indonesia   	-4.531	140.109	15	7.1 Mw 	422	7422	6000	420	
1977-04-06 13:36 	Iran 	31.954	50.643	9.4	6.0 Mw 	348	348	366	352	
1996-02-03 11:14 	China   	27.271	100.262	12.2	6.6 Mw 	322	322	309	309	
2001-02-13 14:22 	El Salvador   	13.6	-89.001	11	6.6 Mw 	315	315	315	315	
1981-01-19 15:11 	Indonesia   	-4.513	139.283	20	6.6 Mw 	305	1305	1300		
1980-10-24 14:53 	Mexico   	18.175	-98.235	64.3	7.1 Mw 	300	300	65	65	
1983-03-31 13:12 	Colombia   	2.439	-76.659	30.1	5.6 Mw 	300	300	241	250	
1994-06-06 20:47 	Colombia   	2.908	-75.971	12	6.8 Mw 	295	795	800		
1979-11-14 02:21 	Iran 	33.956	59.726	9.1	6.5 Mw 	280	280	280	350	
2001-01-13 17:33 	El Salvador   	13.076	-88.702	38	7.6 Mw 	267	852	852	844	
2002-06-22 02:58 	Iran 	35.597	49.02	11	6.5 Mw 	261	261	227	227	
2003-02-24 02:03 	China   	39.515	77.204	14	6.3 Mw 	261	261		268	
1981-09-12 07:15 	Pakistan 	35.685	73.597	14.7	6.1 Mw 	220	220	229	250	
1979-01-16 09:50 	Iran 	33.909	59.471	9.9	6.5 Mw 	200	200	200		
1993-07-12 13:17 	Japan   	42.892	139.247	17	7.7 Mw 	200	243	230	239	
1980-07-29 14:58 	Nepal 	29.623	81.103	14.4	6.5 Mw 	188	188	100	100	
1985-03-03 22:47 	Chile   	-33.132	-71.762	40	7.9 Mw 	177	177	177	180	
2003-05-01 00:27 	Turkey   	38.97	40.458	14	6.3 Mw 	177	177		177	
1970-07-30 00:52 	Iran 	37.836	55.887	10.9	6.6 Ms 	176	176	220	176	
1977-03-21 21:18 	Iran 	27.583	56.363	12	6.7 Mw 	167	167	167	167	
1994-08-18 01:13 	Algeria 	35.464	-0.084	9	5.8 Mw 	159	159	159	171	
1979-04-15 06:19 	Montenegro   	41.999	19.156	15	6.9 Mw 	156	156	129	121	
1981-01-23 21:13 	China   	30.956	101.168	10.9	6.5 Mw 	150	150	126	150	
1998-06-27 13:55 	Turkey   	36.903	35.325	16	6.3 Mw 	145	145	145		
1999-09-07 11:56 	Greece   	38.119	23.598	10	6.0 Mw 	143	143	143	143	
1969-10-01 05:05 	Peru 	-11.835	-75.195	6.5	6.2 Ms 	136	136	136	150	
1990-05-30 02:34 	Peru 	-6.022	-77.197	24	6.5 Mw 	135	135	135		
1976-10-29 02:51 	Indonesia 	-4.475	139.991	15	6.8 Mw 	133	133	6000		
1990-04-26 09:37 	China 	36.059	100.278	9.3	6.4 Mw 	126	126			
1991-04-29 09:12 	Georgia   	42.426	43.667	13.4	7.0 Mw 	114	184	184	270	
1996-02-17 05:59 	Indonesia   	-0.918	136.973	35.8	8.2 Mw 	108	166	166	166	
1998-05-22 04:48 	Bolivia 	-17.783	-65.401	24	6.6 Mw 	105	105	105	95	
1983-05-26 02:59 	Japan 	40.473	139.091	17	7.7 Mw 	104	107	104	102	
2000-06-04 16:28 	Indonesia 	-4.76	102.031	33.8	7.9 Mw 	103	103	103	103	
1995-10-01 15:57 	Turkey 	38.077	30.143	31	6.4 Mw 	101	101	101	94	
1971-05-12 06:25 	Turkey 	37.555	29.746	28.8	5.9 Ms 	100	100	57		
1972-09-03 16:48 	Pakistan 	35.949	73.321	32.9	6.2 Ms 	100	100	100		
1997-02-04 10:37 	Iran 	37.724	57.305	15	6.5 Mw 	100	100	100	100	
1999-03-28 19:05 	India   	30.475	79.401	10.7	6.5 Mw 	100	100	100	100	
1995-10-06 18:09 	Indonesia 	-2.007	101.45	36.6	6.7 Mw 	84	84	84	84	
1971-07-09 03:03 	Chile 	-32.558	-71.085	59	7.8 Mw 	83	83	83	85	
1970-12-10 04:34 	Peru 	-4.079	-80.662	20.1	7.1 Mw 	81	81	81	29	
1995-10-23 22:46 	China 	25.947	102.22	14.7	6.2 Mw 	81	81	53	46	
1997-07-09 19:24 	Venezuela 	10.45	-63.532	10	6.9 Mw 	81	81	81	80	
1974-10-03 14:21 	Peru 	-12.254	-77.523	33.5	8.1 Mw 	78	78	78		
1994-11-14 19:15 	Philippines 	13.543	121.059	32	7.1 Mw 	78	78	78	81	
1978-12-14 07:05 	Iran 	32.128	49.634	18.9	6.1 Mw 	76	76	76	45	
1991-04-22 21:56 	Costa Rica 	9.673	-83.072	12.9	7.6 Mw 	75	75	75	47	
1985-08-23 12:41 	China   	39.447	75.264	4.3	6.9 Mw 	71	71	67	67	
1977-11-23 09:26 	Argentina   	-31.082	-67.78	19.5	7.4 Mw 	70	70	70		
1998-01-10 03:50 	China 	41.137	114.523	5	5.7 Mw 	70	70	49	49	
1999-02-11 14:08 	Afghanistan 	34.323	69.165	25.5	6.0 Mw 	70	70	70	70	
2006-03-31 01:17 	Iran   	33.5	48.78	7	6.1 Mw 	70	70		63	
2007-03-06 03:49 	Indonesia   	-0.48	100.47	19.3	6.4 Mw 	67	67		67	
1971-02-09 14:00 	United States   	34.401	-118.392	6.4	6.7 Muk 	65	65	58	65	
1989-10-18 00:04 	United States   	37.11	-121.764	16	6.9 Mw 	62	62	63	62	
1992-08-19 02:04 	Kyrgyzstan 	42.111	73.588	17.1	7.2 Mw 	61	75	75	54	
1980-01-01 16:42 	Portugal   	38.726	-27.751	12.2	6.9 Mw 	60	60	56	69	
1994-01-17 12:30 	United States   	34.164	-118.563	19	6.7 Mw 	60	60	60		33
1997-02-27 21:08 	Pakistan   	29.979	68.165	34.9	7.1 Mw 	60	60	57	50	
1969-03-28 01:48 	Turkey 	38.535	28.467	9.3	6.4 Ms 	53	53	53	41	
1991-04-05 04:19 	Peru 	-5.977	-77.081	20	6.9 Mw 	53	53	53		
1979-11-23 23:40 	Colombia 	4.793	-76.19	107.7	7.2 Mw 	52	52	52	60	
1978-06-20 20:03 	Greece   	40.76	23.303	7.4	6.5 Mw 	50	50	50		
2002-04-12 04:00 	Afghanistan 	35.988	69.296	7.8	5.8 Mw 	50	50	50	50	
1976-03-19 13:03 	Afghanistan 	36.587	67.758	18.2	5.6 mb 	49	49	49	50	
1995-10-09 15:35 	Mexico   	19.053	-104.208	26.4	8.0 Mw 	49	49	58		
2001-06-23 20:33 	Peru   	-16.385	-73.505	33.7	8.4 Mw 	48	138	139	145	
1975-01-19 08:02 	India   	32.373	78.474	5	6.8 Ms 	47	47	47	47	
2000-05-04 04:21 	Indonesia 	-1.14	123.522	26	7.5 Mw 	46	46	46	45	
2002-02-03 07:11 	Turkey 	38.527	31.227	5	6.5 Mw 	44	44	44	42	
2008-02-03 07:34 	Democratic Republic of the Congo   	-2.296	28.9	10	5.9 Mw 	44	44		43	
1982-06-19 06:21 	El Salvador   	13.337	-89.313	72.8	7.3 Mw 	43	43	43		
1995-02-08 18:40 	Colombia 	4.052	-76.589	74	6.3 Mw 	42	42	42	40	
1979-07-09 10:57 	China 	31.472	119.27	12.6	5.4 Mw 	41	41	42		
1998-11-29 14:10 	Indonesia 	-1.939	124.818	16	7.7 Mw 	41	41	41		
2004-10-23 08:56 	Japan   	37.23	138.801	16	6.6 Mw 	40	40		40	68
1997-05-21 22:51 	India   	23.072	80.083	36	5.8 Mw 	38	38	38	43	
1979-05-30 09:38 	Indonesia 	-8.345	115.864	20	6.2 Mw 	37	37	22	34	
1987-11-26 01:43 	Indonesia 	-8.259	124.149	27.3	6.5 Mw 	37	37	83	125	
2004-02-05 21:05 	Indonesia 	-3.661	135.597	23	7.0 Mw 	37	37		37	
1992-05-20 12:20 	Pakistan 	33.318	71.272	12.9	6.0 Mw 	36	36	36	36	
1983-11-06 21:09 	China 	35.223	115.204	32.1	5.5 Mw 	34	34	45	34	
2004-11-11 21:26 	Indonesia 	-8.166	124.764	13	7.5 Mw 	34	34		33	
2004-11-26 02:25 	Indonesia 	-3.615	135.45	24	7.1 Mw 	32	32		32	
1977-03-25 02:39 	Turkey 	38.647	40.057	17.4	5.3 Mw 	30	30	30	30	
1979-11-02 15:53 	Indonesia 	-7.746	108.165	72.1	6.5 Mw 	30	30	23	26	
1983-03-25 11:57 	Iran 	36.042	52.295	14.6	5.4 Mw 	30	30	100	30	
1989-10-29 19:09 	Algeria 	36.706	2.441	6	5.9 Mw 	30	30	35	22	
1985-10-13 15:59 	Tajikistan 	40.337	69.81	15.9	5.8 Mw 	29	29		29	
1989-10-18 14:57 	China 	39.959	113.94	5.6	5.4 Mw 	29	29	29	29	
2002-10-31 10:33 	Italy   	41.738	14.852	5.7	5.7 Mw 	29	29	29	30	
2003-01-22 02:06 	Mexico   	18.9	-104.063	24	7.5 Mw 	29	29		29	
1974-05-08 23:33 	Japan 	34.57	138.771	11.3	6.7 Muk 	27	27	30	30	
1979-12-17 19:58 	Indonesia 	-8.487	115.753	15	6.5 Mw 	27	27	32	32	
1996-03-28 23:03 	Ecuador 	-1.031	-78.659	9	5.9 Mw 	27	27		27	
1973-04-14 08:34 	Costa Rica 	10.673	-84.86	30.3	6.5 Ms 	26	26	26		
1980-12-19 01:16 	Iran 	34.472	50.643	12.7	6.2 Mw 	26	26	26	20	
1983-12-30 23:52 	Afghanistan 	36.405	70.677	215.9	7.4 Mw 	26	26	12	24	
1995-06-15 00:15 	Greece 	38.444	22.309	14	6.2 Mw 	26	26	26	26	
1999-05-06 23:00 	Iran 	29.519	51.907	16.3	6.2 Mw 	26	26	26	20	
1968-09-03 08:19 	Turkey 	41.771	32.452	4.9	5.7 mb 	25	25	29	29	
1991-09-18 09:48 	Guatemala 	14.604	-90.932	10.6	6.2 Mw 	25	25	25	14	
2007-09-12 11:10 	Indonesia 	-4.44	101.37	34	8.5 Mw 	25	25			
1969-03-29 09:15 	Ethiopia 	11.939	41.219	12	6.3 Ms 	24	24	40	24	
1984-09-13 23:48 	Japan   	35.801	137.466	1.1	6.2 Mw 	24	24	29	20	
1996-03-19 15:00 	China 	40.043	76.621	18.9	6.3 Mw 	24	24	24	26	
1999-12-22 17:36 	Algeria 	35.21	-1.316	2.3	5.6 Mw 	24	24	24	22	
1985-04-18 05:52 	China   	25.891	102.885	4.1	5.7 Mw 	23	23	22		
1991-07-04 11:43 	Indonesia   	-8.146	124.587	29	6.7 Mw 	23	23	23	28	
1997-11-21 11:23 	India   	22.26	92.715	54	6.1 Mw 	23	23	23	23	
1978-06-12 08:14 	Japan   	38.224	142.009	53.3	7.6 Mw 	22	22			
1990-11-06 18:45 	Iran 	28.242	55.457	11.1	6.6 Mw 	22	22	22	21	
1978-01-14 03:24 	Japan 	34.803	139.294	10.7	6.6 Mw 	21	25	25	21	
1984-12-30 23:33 	India 	24.684	92.864	3.4	6.0 Mw 	20	20		20	
1986-09-13 17:24 	Greece 	37.072	22.176	21.7	6.0 Mw 	20	20	21	20	
1990-06-21 09:02 	Iran 	36.631	49.785	12.4	5.7 Mw 	20	20	20		
1991-07-24 09:45 	Iraq 	36.598	44.061	20	5.5 Mw 	20	20	20		
1990-12-13 00:24 	Italy 	37.286	15.402	12.1	5.6 Mw 	19	19	12	19	
2002-11-20 21:32 	Pakistan 	35.337	74.556	14.8	6.3 Mw 	19	19	19	19	
1979-02-16 10:08 	Peru 	-16.537	-72.553	55.1	7.1 Mw 	18	18	18	13	
1996-05-03 03:32 	China 	40.777	109.713	24.5	6.0 Mw 	18	18	26	18	
1997-09-28 01:38 	Indonesia 	-3.773	119.658	13	5.8 Mw 	18	18	17	20	
2004-07-01 22:30 	Turkey 	39.735	43.908	27.1	5.1 Mw 	18	18		18	
1973-01-30 21:01 	Mexico 	18.455	-102.96	37.2	7.5 Ms 	17	17	56	17	
1976-11-07 04:00 	Iran 	33.82	59.18	6.5	6.0 Mw 	17	17	17	16	
1979-11-27 17:10 	Iran 	34.056	59.754	7.4	7.0 Mw 	17	17	17	16	
1981-02-24 20:53 	Greece 	38.159	22.976	16.2	6.7 Mw 	16	16	21	22	
1983-08-17 12:17 	Philippines 	18.206	120.785	29	6.6 Mw 	16	16	24	19	
1986-04-05 20:14 	Peru 	-13.402	-71.757	49	5.2 Mw 	16	16	16	15	
1999-06-15 20:42 	Mexico  	18.381	-97.445	63	6.9 Mw 	16	20	17	15	
2002-03-03 12:08 	Afghanistan  	36.508	70.503	204	7.3 Mw 	16	166	166	150	
2003-07-21 15:16 	China 	25.958	101.26	35	5.9 Mw 	16	16	16	16	
2005-11-26 00:49 	China  	29.714	115.663	10.5	5.2 Mw 	16	16			
1968-09-25 10:38 	Mexico 	15.551	-92.66	122.4	5.8 mb 	15	15	48	15	
1970-10-31 17:53 	Papua New Guinea  	-4.907	145.471	8.1	7.3 Muk 	15	15	5	15	
1973-03-17 08:30 	Philippines 	13.415	122.804	44.3	7.5 Muk 	15	15	15	14	
1979-09-12 05:17 	Indonesia 	-1.682	135.974	17.6	7.5 Mw 	15	15	15	2	
1980-08-23 21:36 	India 	32.922	75.693	14.5	5.5 Mw 	15	15	15	13	
1981-10-18 04:31 	Colombia 	8.111	-72.501	39.3	5.9 Mw 	15	15	15	10	
1986-05-05 03:35 	Turkey 	37.999	37.781	4.1	6.0 Mw 	15	15	15	15	
1986-11-14 21:20 	Taiwan 	23.974	121.727	34	7.3 Mw 	15	15	13		
1997-03-19 19:57 	Pakistan 	34.79	71.523	15	4.9 mb 	15	15	15		
1999-09-30 16:31 	Mexico  	16.055	-96.905	40	7.4 Mw 	15	15	35	31	
2002-03-05 21:16 	Philippines 	6.028	124.218	31	7.5 Mw 	15	15	15	15	
1969-10-26 15:36 	Bosnia and Herzegovina 	44.807	17.353	15	5.6 Ms 	14	14	20	15	
1970-04-07 05:34 	Philippines 	15.772	121.659	28.3	7.2 Mw 	14	14	15	14	
1995-07-21 22:44 	China 	36.436	103.166	7.4	5.6 Mw 	14	14	14	14	
1996-11-12 16:59 	Peru 	-14.959	-75.562	21	7.7 Mw 	14	14	15	14	
1969-02-28 02:40 	Portugal  	35.923	-10.568	32.5	7.8 Mw 	13	13	13		
1982-12-25 12:28 	Indonesia 	-8.43	122.97	6.7	5.9 Mw 	13	13	13	13	
1990-05-30 10:40 	Romania 	45.855	26.649	89	6.9 Mw 	13	14	14	22	
2005-11-27 10:22 	Iran, 2005 Qeshm earthquake 	26.786	55.833	18.4	5.9 Mw 	13	13		13	
2008-06-13 23:43 	Japan  	39.03	140.881	7	6.9 Mw 	13	13		13	
1969-09-29 20:03 	South Africa 	-33.19	19.336	15	6.3 Ms 	12	12	12	9	
1989-12-27 23:26 	Australia  	-33.02	151.602	9.7	5.5 Md 	12	12	9		
1991-07-23 19:44 	Peru 	-15.707	-71.721	24.2	5.2 Mw 	12	92	92	11	
1997-01-21 01:48 	China  	39.536	76.879	15	5.9 Mw 	12	12	12	12	
1998-04-10 15:00 	Iran 	32.447	60.063	7	5.7 Mw 	12	12	12		
1972-06-24 15:29 	Afghanistan 	36.255	69.684	31.1	6.1 Ms 	11	11	11		
1974-07-13 01:18 	Panama 	7.737	-77.631	3.8	7.3 Ms 	11	11	11		
1976-09-15 03:15 	Italy  	46.314	13.206	0.9	6.0 Mw 	11	11	11		
1989-04-15 20:34 	China 	29.955	99.202	13.8	6.4 Mw 	11	11	8	8	
1990-03-04 19:46 	Pakistan 	28.906	66.354	8.3	6.0 Mw 	11	11	11	11	
1990-10-25 04:53 	Afghanistan 	35.09	70.429	110.2	5.8 Mw 	11	11	11		
1995-07-11 21:46 	Burma 	21.948	99.103	9.2	6.8 Mw 	11	11	11	11	
1997-09-26 09:40 	Italy  	43.078	12.781	6	6.0 Mw 	11	11	11	14	
2000-12-06 17:11 	Turkmenistan 	39.532	54.801	30.6	7.0 Mw 	11	11	11	11	
2002-11-01 22:09 	Pakistan 	35.393	74.627	27.5	5.3 Mw 	11	11		17	
2003-12-01 01:38 	Kazakhstan 	42.885	80.546	17	6.0 Mw 	11	11	11	11	
1974-01-05 08:33 	Peru 	-12.351	-76.307	91.9	6.6 Muk 	10	10	10		
1982-06-15 23:24 	China 	31.871	99.872	10.3	5.6 Mw 	10	10	11	10	
1985-09-15 02:42 	Indonesia 	-4.064	136.093	4.2	6.3 Mw 	10	10	10	10	
1991-11-22 00:40 	Yemen 	13.887	44.068	10	4.7 mb 	10	10	11	10	
1998-07-09 05:19 	Portugal 	38.621	-28.566	9	6.1 Mw 	10	10	10	10	
2004-02-14 10:30 	Pakistan 	34.751	73.178	11	5.4 Mw 	10	24		24	
2004-03-25 19:30 	Turkey 	39.804	40.721	56.3	5.6 Mw 	10	10		9	
1976-10-06 09:12 	Ecuador 	-0.726	-78.732	4.7	5.7 mb 	9	9	9		
1978-11-29 19:52 	Mexico 	16.011	-96.603	24.8	7.8 Mw 	9	9	9	9	
1982-06-07 10:59 	Mexico 	16.518	-98.347	18.9	6.9 Mw 	9	9	9		
1989-03-10 21:49 	Malawi  	-13.708	34.485	30	6.3 Mw 	9	9	9		
1995-11-22 04:15 	Egypt  	28.762	34.808	14	7.2 Mw 	9	10	10	10	
1997-04-11 05:34 	China 	39.536	76.892	20	6.1 Mw 	9	9	9	9	
2003-05-27 17:11 	Algeria 	36.865	3.592	8	5.7 Mw 	9	9		9	
2003-10-25 12:41 	China 	38.386	100.978	12	5.8 Mw 	9	9	9	9	
2007-07-16 01:13 	Japan  	37.52	138.46	12	6.6 Mw 	9	9		9	
1976-04-09 07:08 	Ecuador 	0.85	-79.564	17	6.6 Mw 	8	8	8	10	
1979-12-15 00:02 	Indonesia 	-3.339	102.567	13	6.5 Mw 	8	8	8	5	
1980-08-18 15:07 	Ecuador 	-1.987	-80.002	55.9	5.9 Mw 	8	8	8	8	
1981-04-18 00:32 	Peru 	-13.116	-74.373	40.8	5.5 Mw 	8	8	8	8	
1987-10-01 14:42 	United States  	34.061	-118.135	14.4	5.9 Mw 	8	8	8	8	
1991-06-15 00:59 	Georgia 	42.406	44.011	6	6.2 Mw 	8	8	8	8	
1992-09-11 03:57 	Democratic Republic of the Congo 	-6.151	26.66	11	6.3 Mw 	8	8	8	9	
1995-03-04 23:23 	Colombia 	1.282	-77.307	5	4.4 mb 	8	8	8	8	
1996-01-01 08:05 	Indonesia 	0.714	119.905	24	7.9 Mw 	8	9	10	9	
2002-10-10 10:50 	Indonesia 	-1.7	134.23	16	7.5 Mw 	8	8	8	8	
2004-11-20 08:07 	Costa Rica 	9.623	-84.165	16	6.4 Mw 	8	8		8	
2008-05-25 08:21 	China 	32.56	105.423	18	6.1 Mw 	8	8			
1972-03-20 07:33 	Peru 	-6.81	-76.78	49.8	6.9 Muk 	7	7	7		
1975-03-07 07:04 	Iran 	27.477	56.224	11	6.1 Ms 	7	7	7		
1980-11-12 06:58 	Peru 	-13.347	-74.545	71	4.9 mb 	7	7	7		
1994-01-21 02:24 	Indonesia 	1.043	127.773	20	6.9 Mw 	7	7	7	7	
1995-01-19 15:05 	Colombia 	5.044	-72.936	17	6.5 Mw 	7	7	7	7	
1997-10-15 01:03 	Chile  	-30.878	-71.167	58	7.1 Mw 	7	8	8	8	
2000-01-14 23:37 	China  	25.567	101.071	24.9	5.9 Mw 	7	7	7		
2000-07-06 19:30 	Nicaragua 	11.928	-86.066	15	5.4 Mw 	7	7	7	7	
2006-12-17 21:39 	Indonesia 	0.626	99.859	30	5.8 Mw 	7	7			
1976-05-17 02:58 	Uzbekistan 	40.373	63.428	14.8	6.7 Mw 	6	6	6	0	
1981-06-22 17:53 	Peru 	-13.185	-74.463	15.6	5.8 Mw 	6	6	6		
1981-12-12 20:26 	Pakistan 	29.912	67.08	35	4.6 mb 	6	6	6		
1985-01-26 03:06 	Argentina  	-33.109	-68.593	19.2	5.9 Mw 	6	6	6	6	
1985-04-24 01:07 	Philippines 	16.541	120.812	5.3	6.1 Mw 	6	6	6		
1985-10-27 19:34 	Algeria 	36.386	6.846	30.4	5.8 Mw 	6	6	5	30	
1986-04-26 07:35 	India 	32.118	76.397	10.2	5.5 Mw 	6	6	6	6	
1990-06-17 04:51 	Pakistan 	27.39	65.665	13.7	6.1 Mw 	6	6		0	
1992-03-04 11:57 	Iran 	31.605	50.758	25	5.1 Mw 	6	6	6	5	
1994-02-23 08:02 	Iran 	30.788	60.532	7	6.1 Mw 	6	6	6	9	
1999-07-22 10:42 	Bangladesh 	21.658	91.933	25	5.2 mb 	6	6	6	6	
1999-09-13 11:55 	Turkey 	40.736	30.089	13	5.8 Mw 	6	7	6	6	
2000-12-15 16:44 	Turkey 	38.451	31.265	12	6.0 Mw 	6	6	6		
2004-03-01 23:55 	Turkey 	38.058	38.277	5	3.8 Md 	6	6			
2005-12-05 12:19 	Tanzania  	-6.246	29.789	20	6.8 Mw 	6	6		6	
1971-10-15 10:33 	Peru 	-14.183	-73.399	80	5.7 mb 	5	5	14		
1976-05-15 21:55 	Peru 	-11.66	-74.419	19	6.7 Mw 	5	5	5		
1976-09-11 16:31 	Italy 	46.339	13.181	4.2	5.5 Ms 	5	5	5		
1978-04-15 23:33 	Italy 	38.381	15.073	17	6.0 Mw 	5	5	5		
1978-07-29 14:37 	Guatemala 	14.758	-90.99	15	4.9 mb 	5	5	17		
1979-03-14 11:07 	Mexico 	17.758	-101.221	24.7	7.4 Mw 	5	5	15	5	
1979-09-19 21:35 	Italy 	42.773	13.01	15	5.8 Mw 	5	5	5	5	
1983-07-05 12:01 	Turkey  	40.309	27.254	2.6	6.1 Mw 	5	5	5		
1983-10-04 18:52 	Chile 	-26.539	-70.502	23.9	7.6 Mw 	5	5	5		
1984-06-24 18:18 	Dominican Republic 	18.039	-69.233	24.8	5.2 Mw 	5	5			
1985-07-29 07:54 	Afghanistan 	36.165	70.857	100.1	7.4 Mw 	5	5	5	5	
1987-08-08 15:48 	Chile 	-19.092	-70.005	70.7	7.2 Mw 	5	5	5	5	
1988-11-03 14:47 	Guatemala 	13.908	-90.501	75.2	6.6 Mw 	5	5	5	5	
1993-03-12 14:01 	Wallis and Futuna 	-14.409	-178.162	10	6.3 Mw 	5	5	5	5	
1998-03-14 19:40 	Iran 	30.126	57.585	13.8	6.6 Mw 	5	5	5	5	
1998-07-17 04:51 	Taiwan 	23.503	120.711	11	5.7 Mw 	5	5	5		
1998-11-13 13:01 	Iran 	27.791	53.642	12.5	5.4 Mw 	5	5	5	5	
1998-11-19 11:38 	China 	27.263	100.955	4.8	5.6 Mw 	5	5	6	3	
1998-12-11 20:16 	Afghanistan 	36.518	71	219	5.6 Mw 	5	5	5		
1999-12-21 14:14 	Indonesia 	-6.823	105.498	42	6.4 Mw 	5	5	5	5	
2000-11-25 18:09 	Azerbaijan  	40.198	49.929	51.6	6.8 Mw 	5	31	5	31	
2002-03-31 06:52 	Taiwan 	24.3	122.142	34	7.1 Mw 	5	5	5	4	
2002-04-25 17:41 	Georgia 	41.767	44.857	34.8	4.8 mb 	5	5	5	6	
2003-02-25 03:52 	China  	39.402	77.358	18.7	5.3 Mw 	5	5	5		
2004-02-16 14:44 	Indonesia 	-0.516	100.548	12.7	5.0 Mw 	5	5		5	
2005-06-13 22:44 	Chile 	-20.007	-69.198	105.2	7.8 Mw 	5	11		11	
2005-09-26 01:55 	Peru  	-5.721	-76.414	120.9	7.5 Mw 	5	5		5	
2005-12-12 21:47 	Afghanistan  	36.285	71.12	223.8	6.5 Mw 	5	5		5	
1972-04-24 09:57 	Taiwan  	23.604	121.534	21	6.9 Ms 	4	4	5		
1973-11-24 14:05 	Algeria 	36.201	4.473	33.1	5.1 mb 	4	4	4		
1976-03-13 16:30 	Guatemala 	14.725	-91.006	15	5.4 mb 	4	4	4		
1976-04-02 16:58 	Turkey 	39.801	43.689	25	4.6 mb 	4	4	4		
1976-04-29 22:18 	Turkey 	40.935	42.875	35	5.5 Ms 	4	4	4		
1976-08-19 01:12 	Turkey 	37.743	29.015	11.7	5.0 mb 	4	4	4	4	
1976-12-08 08:38 	South Africa 	-27.979	26.677	10	5.2 mb 	4	4	4		
1979-10-27 14:35 	Guatemala 	13.829	-90.841	56.5	6.8 Mw 	4	4	7		
1981-02-14 17:27 	Italy 	40.995	14.614	4.9	4.9 ML 	4	12			
1984-02-16 17:18 	Afghanistan 	36.447	70.84	208.1	6.4 Mw 	4	4	4	4	
1985-09-11 20:45 	China 	39.356	75.415	21.2	6.1 Mw 	4	4	3		
1989-11-20 03:21 	China 	29.883	106.826	24.7	5.2 mb 	4	4	7	4	
1990-06-14 07:40 	Philippines 	11.39	122.045	18.1	7.1 Mw 	4	4	4	4	
1990-08-11 02:59 	Ecuador 	-0.172	-78.483	18.4	5.3 Mw 	4	4	4	4	
1992-08-28 00:50 	Pakistan 	29.211	66.82	6.4	5.5 Mw 	4	4	4	4	
1992-10-22 17:39 	Egypt 	29.755	31.535	10	4.2 Md 	4	4	4		
1994-03-02 03:38 	Haiti 	19.941	-72.814	6.7	5.4 Mw 	4	4	4		
2001-06-01 14:00 	Afghanistan 	35.105	69.324	44.5	5.0 Mw 	4	4	4	4	
2001-08-09 02:06 	Peru 	-14.348	-72.68	9.6	5.8 Mw 	4	4	4	4	
2002-09-08 18:44 	Papua New Guinea 	-3.262	142.94	13	7.6 Mw 	4	4	4	4	
2003-08-16 10:58 	China 	43.779	119.718	23.3	5.4 Mw 	4	4	4	4	
2003-11-14 18:49 	China 	27.462	103.974	35	5.6 Mw 	4	4	4	4	
2004-08-10 10:26 	China 	27.318	103.917	13.2	5.3 Mw 	4	4		4	
2005-05-03 07:21 	Iran 	33.655	48.669	27.1	4.9 Mw 	4	4			
2006-02-22 22:19 	Mozambique 	-21.324	33.583	11	7.0 Mw 	4	4			
2006-03-20 19:44 	Algeria 	36.623	5.328	10	5.2 Mw 	4	4		4	
1970-02-05 22:05 	Philippines 	12.6	122.058	7.7	6.6 Ms 	3	3	3		
1974-06-12 16:25 	Venezuela 	10.509	-63.429	7.9	6.5 Muk 	3	3	5		
1975-04-05 09:34 	Venezuela 	10.065	-69.666	22.4	6.3 Muk 	3	3	3		
1975-12-30 14:36 	Turkey 	38.595	40.526	31.8	4.6 mb 	3	3			
1977-05-26 01:35 	Iran 	38.896	44.324	16.9	5.6 Mw 	3	3	3	3	
1977-08-31 00:42 	Colombia 	7.351	-76.159	21.3	6.5 Mw 	3	3	3		
1977-12-10 05:46 	Iran 	27.687	56.578	13.9	5.6 Mw 	3	3		3	
1980-12-22 12:51 	Iran 	34.427	50.634	16.4	5.7 Mw 	3	3	3	4	
1981-10-25 03:22 	Mexico 	18.115	-102.009	19	7.2 Mw 	3	3	9	3	
1982-03-28 23:24 	Peru 	-12.743	-76.01	90.8	6.3 Mw 	3	3	3	3	
1982-09-29 05:50 	Honduras 	14.494	-89.102	13.9	5.6 Mw 	3	3	3		
1982-11-15 20:07 	Algeria 	35.585	1.361	7.1	5.2 Mw 	3	3	3		
1983-07-22 02:41 	Iran 	36.942	49.213	20	5.6 mb 	3	3	3	3	
1984-05-07 17:49 	Italy 	41.738	13.889	21.4	5.9 Mw 	3	3	7	3	
1984-09-18 13:26 	Turkey 	40.892	42.241	10	5.5 Mw 	3	3	3	3	
1984-10-18 09:46 	Turkey 	40.711	42.447	35	5.4 Mw 	3	3	3	3	
1986-12-07 14:17 	Bulgaria 	43.278	26.003	4.8	5.6 Mw 	3	3	3	3	
1987-10-02 22:27 	Peru  	-8.166	-77.961	29.8	5.6 Mw 	3	3	3		
1988-08-06 00:36 	Burma 	25.105	95.126	90.5	7.2 Mw 	3	35	3	2	
1989-04-25 14:29 	Mexico 	16.779	-99.275	19	6.9 Mw 	3	3	3	3	
1989-11-20 04:19 	Iran 	29.898	57.716	14.9	5.9 Mw 	3	3	3		
1990-04-18 13:39 	Indonesia 	1.195	122.816	26	7.6 Mw 	3	3	3	5	
1992-05-15 08:08 	Uzbekistan 	41.001	72.449	37.1	6.2 Ms 	3	3	3	9	
1993-04-18 09:16 	Peru 	-11.721	-76.513	106	6.2 Mw 	3	6	6	6	
1993-10-16 03:05 	Papua New Guinea 	-5.877	146.28	27	6.3 Mw 	3	3	3		
1994-06-20 09:09 	Iran 	29.053	52.671	10.8	5.9 Mw 	3	3	3	2	
1994-12-28 12:19 	Japan 	40.523	143.43	27	7.7 Mw 	3	3	3	2	
1995-07-30 05:11 	Chile  	-23.34	-70.253	46	8.0 Mw 	3	3	3	3	
1995-09-14 14:04 	Mexico 	16.849	-98.608	23	7.3 Mw 	3	3	3	6	
1998-08-04 18:59 	Ecuador  	-0.594	-80.313	20	7.1 Mw 	3	3	3	3	
1998-08-27 09:03 	China 	39.572	77.298	28	6.3 Mw 	3	3	3		
2000-05-17 03:25 	Taiwan 	24.167	121.078	15	5.4 Mw 	3	3	3		
2001-02-23 00:09 	China 	29.459	101.079	7	5.6 Mw 	3	3	3	3	
2002-01-09 06:45 	Tajikistan 	38.644	69.844	28.6	5.2 Mw 	3	3	3	3	
2002-11-02 01:26 	Indonesia 	2.837	96.088	30	7.2 Mw 	3	3	3	3	
2003-10-16 12:28 	China 	25.882	101.256	35	5.6 Mw 	3	3	3	3	
2004-02-24 02:14 	Burundi 	-3.36	29.446	15.7	4.7 mb 	3	3		3	
2004-04-05 21:24 	Afghanistan 	36.48	71.042	175	6.5 Mw 	3	3			
2006-07-29 00:11 	Tajikistan  	37.255	68.828	34	5.6 Mw 	3	3		3	
2007-01-21 11:27 	Indonesia 	1.065	126.282	22	7.5 Mw 	3	4			
2007-06-02 21:34 	China 	23.02	101.01	5	6.1 Mw 	3	3		3	
2007-07-21 22:44 	Tajikistan 	38.936	70.485	10	5.2 Mw 	3	12		11	
2007-11-25 16:02 	Indonesia 	-8.292	118.37	20	6.5 Mw 	3	3			
2008-02-20 08:08 	Indonesia 	2.768	95.964	26	7.3 Mw 	3	3		3	
1968-09-20 06:00 	Venezuela 	10.731	-62.719	102.6	6.2 mb 	2	2	3		
1969-03-31 07:15 	Egypt 	27.511	33.936	3.5	6.8 Ms 	2	2	2		
1970-11-14 07:58 	Taiwan 	22.839	121.363	27.6	6.1 Ms 	2	2	2		
1974-02-01 00:01 	Turkey 	38.54	27.263	11.9	5.4 ML 	2	2			
1974-08-03 18:16 	Japan 	36.016	139.901	51.4	5.6 mb 	2	2			
1975-03-13 15:26 	Chile 	-29.91	-71.393	31.3	6.9 Ms 	2	2	2		
1975-07-19 06:10 	India 	31.937	78.605	12.8	5.3 mb 	2	2			
1975-11-29 14:47 	United States Minor Outlying Islands 	19.452	-155.034	2.1	7.2 Ms 	2	2	2		
1977-08-27 07:12 	Indonesia 	-8.136	125.326	44.6	7.0 Mw 	2	2	2		
1978-02-22 06:07 	Guatemala 	14.268	-91.399	66.9	6.3 Mw 	2	2	2		
1978-03-11 19:20 	Italy 	38.046	15.99	22.2	5.2 Mw 	2	2	2		
1978-12-23 11:23 	Taiwan 	23.217	122.009	45.5	7.0 Mw 	2	2	2		
1979-10-20 01:41 	Indonesia 	-8.363	115.782	52	6.4 Mw 	2	2	2		
1980-08-09 05:45 	Guatemala 	15.912	-88.49	16.9	6.5 Mw 	2	2	2	2	
1980-09-24 17:54 	Japan 	35.525	140.062	71.5	6.0 Mw 	2	2			
1982-03-23 05:10 	Peru 	-12.341	-77.538	59.1	5.1 mb 	2	2	2		
1983-07-03 17:14 	Costa Rica 	9.612	-83.707	14.5	6.3 Mw 	2	2	2	2	
1983-10-28 14:06 	United States  	44.078	-113.8	16	6.9 Mw 	2	2	2	2	
1984-01-08 15:24 	Indonesia 	-2.866	118.726	43.6	6.7 Mw 	2	2	2	2	
1985-03-19 10:28 	Bolivia 	-18.567	-63.6	29.7	5.8 Mw 	2	2	2		
1986-05-13 08:44 	Georgia 	41.404	43.704	10	5.7 Mw 	2	2	2	2	
1986-06-11 13:48 	Venezuela 	10.573	-62.911	13.9	6.2 Mw 	2	2	2		
1986-08-30 21:28 	Romania  	45.521	26.271	136	7.2 Mw 	2	2	2		
1987-04-25 19:22 	Indonesia 	2.405	98.905	10	6.4 Mw 	2	2	2	2	
1987-05-29 06:27 	Iran 	34.059	48.285	25	5.3 Mw 	2	2	2	2	
1987-09-22 13:43 	Ecuador 	-1.009	-78.031	4.8	6.3 Mw 	2	2	2	2	
1987-12-17 02:08 	Japan 	35.421	140.322	47.3	6.5 Mw 	2	2	2	2	
1988-02-06 14:50 	Bangladesh 	24.713	91.579	35	5.8 Mw 	2	2	2	2	
1988-06-19 20:19 	Philippines 	12.355	121.085	12.7	6.2 Mw 	2	2	1		
1989-08-20 11:16 	Djibouti 	11.746	41.96	12	6.5 Mw 	2	2	2		
1990-12-13 03:01 	Taiwan 	23.883	121.645	9.4	6.3 Mw 	2	2	2		
1991-07-12 10:42 	Romania 	45.393	20.981	15	5.5 Mw 	2	2	2		
1991-11-19 22:28 	Colombia 	4.552	-77.356	21	7.2 Mw 	2	2	2	2	
1992-10-23 09:11 	Morocco 	31.275	-4.291	25.2	5.5 Mw 	2	2	2		
1993-01-15 11:06 	Japan 	43.024	144.141	102	7.6 Mw 	2	2			
1993-01-31 19:33 	China 	25.826	101.415	25	4.7 ML 	2	2			
1993-03-20 14:51 	China 	29.009	87.356	14.1	6.2 Mw 	2	2			
1993-07-22 04:57 	Colombia 	6.38	-71.206	20	6.0 Mw 	2	2	2		
1993-08-01 00:20 	Sudan 	15.401	31.701	11.8	5.5 Mw 	2	2	2	3	
1994-02-05 23:34 	Uganda 	0.558	30.081	14	6.2 Mw 	2	4	8	7	
1994-03-01 03:49 	Iran 	29.143	52.638	12.9	6.0 Mw 	2	2	2	3	
1994-07-04 21:36 	Mexico 	14.887	-97.312	15	6.4 Mw 	2	2	2		
1995-02-23 21:03 	Cyprus 	35.06	32.269	18	5.9 Mw 	2	2		2	
1995-10-03 01:51 	Ecuador 	-2.79	-77.823	24	7.0 Mw 	2	2	2	2	
1997-03-01 06:04 	China 	39.45	76.817	19.3	5.6 Mw 	2	2	1	2	
2000-06-06 02:41 	Turkey 	40.737	33.005	7	6.0 Mw 	2	2	2	2	
2000-07-17 22:53 	Afghanistan 	36.245	70.943	135	6.3 Mw 	2	2	2		
2000-11-10 20:10 	Algeria 	36.437	4.838	7	5.7 Mw 	2	2	2		
2001-03-24 06:27 	Japan 	34.108	132.54	42	6.8 Mw 	2	2	2	2	
2001-04-12 10:47 	China 	24.806	99.051	10.1	5.6 Mw 	2	2	2	2	
2001-05-23 21:10 	China 	27.619	100.901	2.1	5.4 Mw 	2	2	2	2	
2001-12-04 05:57 	Peru 	-15.353	-72.435	41.4	5.8 Mw 	2	2	2		
2002-04-24 19:48 	Iran 	34.602	47.401	25	5.4 Mw 	2	2	2	2	
2002-05-18 15:15 	Tanzania 	-2.919	33.738	9.8	5.5 Mw 	2	2	2	2	
2002-09-13 22:28 	India 	13.013	93.093	15	6.5 Mw 	2	2	2	2	
2002-10-24 06:08 	Democratic Republic of the Congo 	-1.962	29.013	11	6.2 Mw 	2	2	2		
2002-12-14 13:27 	China 	39.754	97.391	5	5.5 Mw 	2	2	2	2	
2003-07-26 23:18 	Bangladesh 	22.868	92.317	35	5.6 Mw 	2	2	2	2	
2003-12-22 19:15 	United States  	35.629	-121.075	16	6.6 Mw 	2	2	2	2	
2003-12-25 07:11 	Panama 	8.369	-82.842	34	6.5 Mw 	2	2	2	2	
2004-07-18 08:31 	Afghanistan 	33.344	69.479	5.7	5.2 Mw 	2	2		2	
2005-01-25 16:44 	Turkey 	37.603	43.691	40.6	5.9 Mw 	2	2			
2005-02-05 12:23 	Philippines 	5.321	123.338	522.1	7.1 Mw 	2	2			
2005-03-09 10:15 	South Africa 	-26.889	26.775	13	5.0 mb 	2	2		2	
2005-10-15 04:24 	Pakistan 	33.977	73.929	11.6	5.2 mb 	2	2			
2006-06-03 07:15 	Iran 	26.759	55.843	12	5.1 Mw 	2	2			
2006-12-26 12:26 	Taiwan  	21.799	120.547	10	7.0 Mw 	2	2			
2007-08-02 02:37 	Russian Federation 	47.11	141.81	5	6.2 Mw 	2	2		2	
2007-11-14 15:40 	Chile 	-22.247	-69.89	40	7.7 Mw 	2	2			
2008-06-08 12:25 	Greece  	37.963	21.525	16	6.4 Mw 	2	2		2	
2008-06-17 05:51 	China 	32.761	105.554	10	4.8 mb 	2	2			
1970-01-20 17:33 	Japan 	42.523	143.024	34.9	6.4 Ms 	1	1			
1970-07-31 17:08 	Colombia 	-1.486	-72.563	644.6	8.0 Muk 	1	1	1		
1971-06-17 21:00 	Chile 	-25.423	-69.052	90.1	7.2 mb 	1	1	1		
1971-07-27 02:02 	Ecuador 	-2.825	-77.362	94.5	7.3 mb 	1	1	1		
1971-10-27 17:58 	Vanuatu 	-15.578	167.32	60.9	6.3 mb 	1	1	1		
1972-01-25 02:06 	Taiwan 	22.549	122.325	10.1	7.5 Mw 	1	1	1		
1973-04-24 21:30 	Colombia 	4.907	-78.114	28.8	6.6 Muk 	1	1	1		
1973-11-11 07:14 	Iran 	30.535	52.951	2	5.5 mb 	1	1	1		
1973-11-23 13:36 	Portugal 	38.486	-28.329	18.5	5.2 Muk 	1	1	1		
1975-02-09 04:45 	Indonesia 	-6.774	106.634	15	5.6 Ms 	1	1	1		
1975-07-11 07:18 	Algeria 	36.32	5.241	33	4.3 mb 	1	1	1		
1975-10-31 08:28 	Philippines 	12.535	125.997	52.5	7.6 Muk 	1	1	1		
1975-11-05 17:04 	Mexico 	16.9	-92.818	12	5.0 mb 	1	1			
1975-12-31 09:45 	Greece 	38.526	21.714	15	5.5 Ms 	1	1	1		
1976-02-19 13:59 	Cuba 	19.864	-76.899	21.1	5.9 Ms 	1	1	1		
1976-03-25 11:55 	Turkey 	40.939	42.954	35	4.8 mb 	1	1	1	2	
1976-07-09 09:34 	Turkey 	38.327	40.463	33	4.2 mb 	1	1	1		
1976-11-30 00:40 	Chile 	-20.472	-68.896	133.7	7.5 Mw 	1	1	1		
1977-03-18 21:43 	Philippines 	16.755	122.285	32.5	7.2 Mw 	1	1	1	1	
1978-03-16 02:00 	Afghanistan 	29.928	66.234	10.2	6.1 Mw 	1	1			
1978-03-19 01:39 	Mexico 	16.932	-99.782	11	6.6 Mw 	1	1	1		
1978-06-19 10:31 	Greece 	40.732	23.257	7.7	5.3 Mw 	1	1	1	50	
1978-07-04 22:23 	Greece 	40.718	23.112	7.4	4.6 ML 	1	1	1		
1979-11-06 05:26 	Greece 	39.52	20.375	28.1	5.4 mb 	1	1	1		
1980-06-09 03:28 	Mexico 	32.268	-114.908	4.6	6.3 Mw 	1	1	1		
1980-07-09 02:11 	Greece 	39.257	23.008	17.2	6.6 Mw 	1	1	1		
1980-07-22 05:17 	Iran 	37.322	50.262	25	5.5 Mw 	1	1	1		
1980-09-23 19:10 	Japan 	35.997	139.74	82.7	5.3 Mw 	1	1		2	
1981-03-07 11:34 	Greece 	38.181	23.335	37.1	5.4 Mw 	1	1	1		
1981-06-13 07:29 	Afghanistan 	36.198	67.836	21	5.6 Mw 	1	1	1		
1982-11-16 23:41 	Albania 	40.78	19.666	21.9	5.6 Mw 	1	1	1	1	
1983-03-15 17:27 	Japan 	34.797	137.58	34.5	5.4 Mw 	1	1			
1983-04-03 02:50 	Costa Rica 	8.721	-83.078	25	7.4 Mw 	1	6	1	10	
1983-08-08 03:47 	Japan 	35.507	139.045	18.1	5.6 Mw 	1	1	1	1	
1983-11-08 00:49 	Belgium 	50.696	5.346	10	4.9 ML 	1	2	1	2	
1984-02-01 14:22 	Afghanistan 	34.564	70.446	9	6.1 Mw 	1	1	1	1	
1985-02-02 20:52 	Iran 	28.352	52.972	13.8	5.4 Mw 	1	1	1	1	
1985-03-29 11:15 	China 	29.35	104.953	35	4.9 mb 	1	1	2		
1985-05-10 15:35 	Papua New Guinea 	-5.601	151.056	47.2	7.2 Mw 	1	1	1		
1985-12-25 02:38 	Italy 	37.688	15.068	10	4.3 mb 	1	1	1		
1986-01-11 19:42 	Peru 	-9.512	-77.437	56.7	5.1 Mw 	1	1	1	1	
1986-05-20 05:25 	Taiwan 	24.146	121.643	15.8	6.2 Mw 	1	1	1		
1986-06-06 10:39 	Turkey 	38.007	37.91	22.5	5.8 Mw 	1	1	1		
1986-07-12 07:54 	Iran 	29.911	51.557	5.4	5.7 Mw 	1	1	1	1	
1987-01-26 11:11 	Algeria 	35.919	1.387	11.7	4.9 mb 	1	1	1	1	
1987-03-05 09:17 	Chile 	-24.395	-70.1	46.3	7.5 Mw 	1	1	1		
1987-03-18 03:36 	Japan 	32.051	131.785	54	6.6 Mw 	1	2	1		
1987-05-18 07:27 	Philippines 	8.267	125.324	19.1	6.2 Mw 	1	1	1		
1987-05-23 17:09 	Philippines 	8.023	125.479	22.4	5.7 Mw 	1	1	1		
1987-08-13 15:23 	Peru 	-17.9	-70.909	37.6	6.5 Mw 	1	1	1		
1988-07-20 23:15 	Taiwan 	23.986	121.679	51	5.9 Mw 	1	1	1		
1988-08-11 16:04 	Iran 	29.886	51.655	11	6.0 Mw 	1	1	1		
1989-02-19 12:27 	Japan 	36.038	139.86	45.4	5.5 Mw 	1	1			
1989-05-07 00:38 	China 	23.538	99.519	25.4	5.6 Mw 	1	1	1		
1989-06-12 00:04 	Bangladesh 	21.927	89.872	20	5.8 Mw 	1	1	1	1	
1989-08-03 07:42 	Russian Federation 	43.536	45.355	35	5.1 Mw 	1	1	1		
1989-08-08 08:13 	United States 	37.134	-121.925	15	5.4 ML 	1	1	1		
1989-12-15 18:43 	Philippines 	8.365	126.686	24	7.5 Mw 	1	1	2		
1990-03-26 22:47 	Philippines 	9.283	125.564	51.1	5.9 Mw 	1	1	1		
1990-06-09 01:14 	Peru 	-6.1	-77.133	23.5	5.5 Mw 	1	1	1		
1990-06-14 12:47 	Kazakhstan 	47.877	85.064	36	6.6 Mw 	1	1	3	1	
1990-10-20 08:07 	China 	37.096	103.718	8	5.7 Mw 	1	1	2	1	
1990-11-15 02:34 	Indonesia 	3.939	97.405	30	6.7 Mw 	1	1	7	1	
1990-12-21 06:57 	Greece 	40.977	22.346	13	6.1 Mw 	1	1	1	1	
1990-12-22 17:27 	Costa Rica 	9.982	-84.229	11.1	5.9 Mw 	1	2	1	1	
1991-04-24 10:54 	Turkey 	39.613	41.169	35	4.5 mb 	1	1	1		
1991-06-28 14:43 	United States 	34.237	-118.011	11	5.6 Mw 	1	2	1	2	
1991-11-28 17:19 	Iran 	36.826	49.582	18.4	5.6 Mw 	1	1	1		
1992-06-28 11:57 	United States  	34.19	-116.52	15	7.3 Mw 	1	3	1	1	
1992-09-08 00:38 	Iran 	29.132	52.147	26.8	5.2 mb 	1	1	1		
1992-10-18 15:11 	Colombia 	7.093	-76.764	3.5	7.1 Mw 	1	11	11		
1992-10-23 23:19 	Georgia 	42.561	45.096	16	6.4 Mw 	1	1	1	1	
1992-12-18 11:21 	China 	26.328	100.752	21.8	5.0 mb 	1	1	1		
1993-01-13 17:11 	Jamaica 	18.052	-76.594	14.2	5.5 Mw 	1	1	1		
1993-07-10 20:40 	Costa Rica 	9.824	-83.612	16.5	5.8 Mw 	1	2	1	3	
1993-09-10 19:12 	Mexico 	14.758	-92.646	34	7.2 Mw 	1	1	1		
1993-09-21 03:28 	United States 	42.305	-122.004	11	6.0 Mw 	1	2	1		
1994-06-05 01:09 	Taiwan 	24.455	121.85	11	6.3 Mw 	1	1	1		
1994-06-09 00:33 	Bolivia  	-13.86	-67.512	631	8.2 Mw 	1	5	10	0	
1994-09-16 06:20 	Taiwan  	22.555	118.719	13	6.7 Mw 	1	1	5	1	
1994-10-08 21:44 	Indonesia 	-1.206	127.98	17	6.8 Mw 	1	1	1	1	
1995-05-21 06:13 	Indonesia 	-8.288	122.944	26.4	5.2 Mw 	1	1	1		
1996-04-29 14:40 	Papua New Guinea 	-6.518	155.116	38	7.2 Mw 	1	1	1		
1996-10-09 13:10 	Cyprus 	34.562	32.143	22	6.8 Mw 	1	2	2		
1997-01-11 20:28 	Mexico 	18.193	-102.795	35	7.1 Mw 	1	1	1	1	
1997-05-13 11:42 	Iran 	33.399	59.88	11.6	4.5 mb 	1	1	1		
1997-05-13 14:13 	Afghanistan 	36.467	70.968	196	6.4 Mw 	1	1			
1998-02-20 12:18 	Afghanistan 	36.479	71.074	236	6.3 Mw 	1	1	1	1	
1998-09-09 11:27 	Italy 	40	15.975	10	5.6 Mw 	1	2	1		
1998-09-28 13:34 	Indonesia 	-8.177	112.34	151.6	6.5 Mw 	1	1	1		
1999-02-21 18:14 	Russian Federation 	43.262	46.909	41.9	5.3 Mw 	1	1	1	1	
1999-03-04 05:38 	Iran 	28.271	57.207	27.7	6.6 Mw 	1	1	1	1	
1999-04-03 06:17 	Peru 	-16.602	-72.518	85	6.8 Mw 	1	1	1		
1999-07-11 14:14 	Guatemala 	15.791	-88.285	15	6.7 Mw 	1	2	1		
1999-08-10 19:33 	Iran 	36.157	54.648	20	4.5 mb 	1	1	1		
1999-08-31 08:10 	Turkey 	40.767	29.912	8.4	5.1 Mw 	1	1	1	1	
1999-09-29 00:13 	Turkey 	40.736	29.35	7.6	5.2 Mw 	1	1	1		
1999-10-22 02:18 	Taiwan 	23.531	120.443	14	5.8 Mw 	1	1	1	1	
1999-11-11 14:41 	Turkey 	40.74	30.247	10	5.6 Mw 	1	2	1	3	
1999-11-24 16:40 	China 	24.586	102.845	15	5.0 ML 	1	1	1		
1999-12-03 17:06 	Turkey 	40.482	42.354	6.4	5.7 Mw 	1	1	1		
1999-12-11 18:03 	Philippines 	15.779	119.776	40	7.2 Mw 	1	5	1	6	
1999-12-15 05:12 	Philippines 	11.296	124.516	16.2	4.8 mb 	1	1			
2000-02-02 22:58 	Iran 	35.238	58.213	22.7	5.3 Mw 	1	1	1	1	
2000-06-07 23:45 	Indonesia 	-4.651	101.848	32	6.7 Mw 	1	1	1		
2000-08-21 13:25 	China 	25.726	102.24	5.4	4.9 mb 	1	1	1	1	
2000-09-20 08:37 	Ecuador 	-1.946	-80.522	40	5.5 Mw 	1	1	1		
2000-11-16 04:54 	Papua New Guinea 	-3.996	152.268	27.6	8.0 Mw 	1	2	2	1	
2001-02-17 20:25 	El Salvador  	13.787	-89.106	10	5.1 mb 	1	1	1		
2001-07-07 09:38 	Peru 	-17.532	-71.931	14.1	7.6 Mw 	1	1	1		
2001-07-24 05:00 	Chile 	-19.558	-69.234	13.4	6.3 Mw 	1	1	1		
2001-10-27 05:35 	China 	26.289	100.586	5.8	5.5 Mw 	1	1	1	1	
2002-01-10 11:14 	Papua New Guinea 	-3.264	142.447	11	6.7 Mw 	1	1	1	1	
2002-01-21 14:34 	Turkey 	38.633	27.887	27.5	4.8 ML 	1	1			
2002-02-17 13:03 	Iran 	28.089	51.792	16.4	5.3 Mw 	1	1	1	1	
2002-04-24 10:51 	Serbia 	42.42	21.533	8	5.7 Mw 	1	1	1	1	
2002-05-15 03:46 	Taiwan 	24.668	121.868	16.7	6.1 Mw 	1	1	1		
2003-01-27 05:26 	Turkey 	39.503	39.851	16.1	6.0 Mw 	1	1	1	1	
2003-03-29 11:46 	Afghanistan 	35.907	70.55	110	5.8 Mw 	1	1	1		
2003-05-26 19:23 	Indonesia 	2.349	128.879	31	6.9 Mw 	1	1	1	1	
2003-06-24 13:01 	Iran 	33.024	49.463	15	4.6 mb 	1	1	1		
2003-07-10 17:06 	Iran 	28.311	54.165	8	5.7 Mw 	1	1	1	1	
2003-09-22 04:45 	Dominican Republic 	19.766	-70.693	14	6.4 Mw 	1	3	1	3	
2003-11-13 02:35 	China 	34.713	103.865	35	5.1 Mw 	1	1	1	1	
2003-11-18 17:14 	Philippines 	12.113	125.416	35	6.5 Mw 	1	1	1		
2004-01-01 20:59 	Indonesia 	-8.349	115.758	45.4	5.8 Mw 	1	1		1	
2004-05-08 20:11 	Pakistan 	30.167	67.068	35	4.5 mb 	1	1			
2004-07-18 04:22 	New Zealand 	-38.013	176.432	2.4	5.4 Mw 	1	1			
2004-07-30 07:14 	Turkey 	39.69	43.935	20	4.8 mb 	1	1			
2004-08-11 15:48 	Turkey 	38.347	39.232	4.5	5.6 Mw 	1	1			
2004-09-07 11:53 	Argentina 	-28.568	-65.85	13	6.1 Mw 	1	1			
2004-09-15 08:35 	Indonesia 	-8.784	115.325	96.7	5.3 Mw 	1	1			
2004-11-21 11:41 	Guadeloupe 	15.679	-61.724	14	6.3 Mw 	1	1		1	
2004-12-01 23:17 	Indonesia 	-3.689	135.604	7.2	5.5 Mw 	1	1			
2005-01-23 20:10 	Indonesia 	-1.196	119.91	38.1	6.2 Mw 	1	1		1	
2005-02-02 05:55 	Indonesia 	-7.004	107.816	57.2	4.8 mb 	1	1			
2005-03-20 01:53 	Japan  	33.802	130.209	10.7	6.6 Mw 	1	1		1	
2005-06-04 14:50 	Papua New Guinea 	-6.355	146.846	44	6.1 Mw 	1	1		1	
2005-07-25 15:43 	China 	46.884	125.03	43.3	5.0 Mw 	1	1			
2005-10-27 11:18 	China 	23.604	107.798	10	4.2 mb 	1	1			
2005-11-08 07:54 	Vietnam 	9.973	108.226	14.7	5.3 Mw 	1	1			
2005-12-14 07:09 	India 	30.46	79.201	35.5	5.1 Mw 	1	1			
2006-03-10 07:50 	Pakistan 	33.129	73.887	10	4.9 Mw 	1	1			
2006-03-25 07:28 	Iran 	27.574	55.685	18	5.9 Mw 	1	1			
2006-08-25 05:51 	China 	28.012	104.151	21	5.0 Mw 	1	1			
2006-09-29 18:23 	Venezuela 	10.814	-61.758	52	5.5 Mw 	1	1			
2007-03-25 00:41 	Japan  	37.34	136.54	8	6.7 Mw 	1	1		1	
2007-10-26 06:50 	Pakistan 	35.304	76.753	10	5.2 Mw 	1	1			
2007-11-06 09:38 	India 	21.181	70.724	10	5.1 Mw 	1	1			
2007-11-07 04:12 	Philippines 	9.721	124.647	71	5.3 Mw 	1	1			
2007-11-29 19:00 	Martinique 	14.944	-61.274	156	7.4 Mw 	1	1			
2007-12-09 02:03 	Brazil 	-15.048	-44.231	10	4.9 mb 	1	1			
2008-01-09 22:24 	Algeria 	35.616	-0.57	10	4.6 Mb 	1	1			
2008-01-22 17:14 	Indonesia 	1.011	97.442	20	6.2 Mw 	1	1			
2008-02-06 06:09 	India 	23.433	87.111	10	4.3 mb 	1	1			
2008-02-14 02:07 	Rwanda 	-2.404	28.918	10	5.3 Mw 	1	1			
1969-09-09 05:15 	Japan 	35.786	137.093	7.5	6.0 Ms 	0	0	1		
1970-05-31 20:23 	Peru  	-9.248	-78.84	73	7.9 Muk 	0	70000	66794	66794	
1971-07-14 06:11 	Papua New Guinea 	-5.519	153.906	44.5	8.0 Mw 	0	1	2		
1976-09-15 09:21 	Italy 	46.354	13.087	9.7	5.9 Ms 	0	0	2		
1977-04-21 04:24 	Solomon Islands 	-10.009	160.816	45.1	7.3 Mw 	0	18	18		
1979-07-02 16:30 	India 	34.525	74.291	35	4.5 mb 	0	3			
1980-01-24 19:00 	United States 	37.712	-121.728	15	5.8 Mw 	0	0	1		
1980-02-20 02:34 	Italy 	39.291	16.152	8.2	4.8 ML 	0	1			
1980-11-19 19:00 	India 	27.392	88.795	38.5	6.3 Mw 	0	0	3	0	
1980-11-30 07:41 	Italy 	40.766	15.295	15.1	4.9 ML 	0	1			
1981-02-18 08:28 	South Africa 	-26.625	26.607	33	4.7 mb 	0	4	4		
1981-03-04 21:58 	Greece 	38.197	23.3	14.9	6.2 Mw 	0	1			
1981-03-10 15:16 	Greece 	39.382	20.813	36.4	5.4 Mw 	0	2	2	2	
1981-10-16 03:25 	Chile 	-33.178	-73.033	44.9	7.1 Mw 	0	1	1		
1982-04-13 11:26 	South Africa 	-27.926	26.783	5	5.0 mb 	0	1	1		
1983-02-13 01:40 	China 	39.994	75.173	9	6.2 Mw 	0	0	1		
1983-02-25 18:22 	Yugoslavia 	41.959	21.54	24	4.7 mb 	0	12		12	
1983-07-20 22:03 	Italy 	37.502	15.151	33	4.4 mb 	0	1			
1983-08-02 09:01 	France 	49.15	6.698	0	3.5 ML 	0	1	1		
1984-01-25 19:36 	United States 	47.5	-116	1	2.3 ML 	0	1	1		
1984-03-06 02:17 	Japan 	29.372	138.871	459.1	7.4 Mw 	0	1			
1984-04-22 17:39 	Italy 	43.616	10.194	15	4.7 ML 	0	3			
1984-05-11 10:41 	Italy 	41.755	13.901	10.9	5.5 Mw 	0	3			
1984-05-13 12:45 	Bosnia and Herzegovina 	42.974	17.829	37	5.4 Mw 	0	1	1		
1984-06-20 14:12 	Canada 	46.58	-80.8	1	3.4 Lg 	0	4	4		
1984-09-15 02:55 	United States 	47.46	-115.987	1	2.8 ML 	0	1			
1985-03-14 23:03 	Italy 	41.631	14.263	14	4.3 ML 	0	1			
1985-03-17 10:41 	Chile  	-32.712	-71.68	22	6.5 Mw 	0	1			
1985-03-18 19:49 	Philippines 	7.776	123.512	26.5	6.5 Mw 	0	2		2	
1985-04-09 01:56 	Chile  	-34.134	-71.535	38	7.1 Mw 	0	2			
1986-03-12 16:32 	United States 	47.47	-115.8	1	2.0 ML 	0	1	1		
1986-07-13 13:47 	United States 	33.066	-117.84	15	5.8 Mw 	0	0	1	0	
1986-07-18 17:22 	Venezuela 	10.743	-69.424	8.3	5.4 Mw 	0	1		1	
1986-12-18 20:01 	Poland 	50.304	19.235	10	2.8 ML 	0	3	3		
1987-01-22 05:10 	Italy 	43.515	10.154	21	4.2 ML 	0	2			
1987-02-08 18:33 	Papua New Guinea 	-6.025	147.665	42.3	7.3 Mw 	0	3	3	1	
1987-03-02 01:42 	New Zealand  	-38.015	176.921	15	6.5 Mw 	0	1		1	
1987-03-12 23:07 	Poland 	51.369	20.206	10	2.6 ML 	0	3	3		
1987-05-02 20:43 	Italy 	44.809	10.68	15	5.2 ML 	0	1			
1987-06-18 10:01 	Philippines 	17.324	121.353	13.9	5.9 Mw 	0	9	9		
1987-08-02 09:07 	China 	25.002	115.566	11.2	4.9 mb 	0	0	3	0	
1987-10-04 10:59 	United States  	34.02	-118.137	11.3	5.2 Mw 	0	1			
1987-11-24 01:54 	United States 	33.257	-115.756	15	6.0 Mw 	0	2	2	2	
1988-01-05 06:41 	South Africa 	-26.905	26.694	15	5.2 mb 	0	8	8	8	
1988-02-11 15:25 	United States 	34.08	-118.05	12	4.8 ML 	0	1			
1988-08-10 04:38 	Solomon Islands 	-10.32	160.933	34	7.5 Mw 	0	1	1	1	
1988-09-02 07:26 	Czech Republic 	49.886	18.489	10	3.8 ML 	0	3	3		
1989-03-10 14:14 	Papua New Guinea 	-4.332	152.842	49.6	5.8 Mw 	0	1	1		
1989-05-27 20:08 	Iran 	30.148	50.892	15	6.0 Mw 	0	0		100	
1989-06-26 03:27 	United States Minor Outlying Islands 	19.417	-155.149	9	6.4 Mw 	0	0		5	
1989-08-01 00:18 	Indonesia 	-4.48	138.983	14	6.1 Mw 	0	120	120	120	
1989-09-22 02:25 	China 	31.555	102.422	10.9	6.1 Mw 	0	0	1	0	
1990-02-09 17:57 	China 	31.745	120.982	11.9	5.0 mb 	0	0	2		
1990-05-05 07:21 	Italy 	40.712	15.805	9.1	5.8 Mw 	0	2			
1990-07-13 14:20 	Afghanistan 	36.448	70.775	209.8	6.3 Mw 	0	43	43		
1990-09-26 23:08 	South Africa 	-28.09	26.837	15	5.0 Mw 	0	2	2		
1990-10-18 09:30 	South Africa 	-26.39	27.349	5	4.0 Lg 	0	10	10	10	
1991-02-13 15:49 	France 	44.885	6.76	5	3.8 ML 	0	9	9		
1991-03-25 18:02 	China 	39.947	113.989	15	5.4 Mw 	0	0	1		
1991-05-03 20:19 	Georgia 	42.68	43.245	3.7	5.6 Mw 	0	3	3		
1991-05-04 03:42 	Panama 	9.547	-82.44	6.9	6.2 Mw 	0	0	2	0	
1991-05-26 10:59 	Malaysia 	5.858	116.652	48.6	5.1 mb 	0	1			
1991-06-15 11:15 	Philippines 	15.165	120.316	46.4	5.6 Mw 	0	137			
1991-06-21 06:27 	El Salvador 	13.408	-89.633	69.8	5.8 Mw 	0	1	1		
1992-02-14 17:28 	South Africa 	-26.42	27.43	5	3.4 Lg 	0	4	4		
1992-03-07 01:53 	Costa Rica 	10.228	-84.302	79	6.5 Mw 	0	1			
1992-04-13 01:20 	Netherlands 	51.181	5.844	18	5.4 Mw 	0	1		1	
1992-04-23 15:32 	Burma 	22.407	98.848	7.9	6.1 Mw 	0	0	4		
1993-01-08 06:57 	South Africa 	-28.028	26.8	5	2.7 ML 	0	6	6		
1993-03-26 11:58 	Greece 	37.613	21.526	15	5.4 Mw 	0	0		1	
1993-06-22 16:32 	Iran 	30.179	50.826	12.6	5.3 Mw 	0	0		24	
1993-10-11 15:54 	Japan 	32.03	137.926	351	6.9 Mw 	0	1			
1993-11-22 22:43 	Nicaragua 	11.718	-86.084	112.6	5.9 Mw 	0	1			
1993-11-30 20:37 	China 	39.326	75.505	12.7	5.6 Mw 	0	0	2		
1994-05-26 08:26 	Morocco 	35.25	-4.089	10	5.9 Mw 	0	0	2		
1994-09-01 07:11 	South Africa 	-26.447	27.405	5	2.7 ML 	0	3			
1995-02-03 15:26 	United States 	41.488	-109.785	1	5.3 mb 	0	1	1		
1995-02-23 05:19 	Taiwan 	24.233	121.706	43.6	6.2 Mw 	0	2	2		
1995-05-13 08:47 	Greece 	40.144	21.718	14	6.6 Mw 	0	0		26	
1995-05-14 11:33 	Indonesia 	-8.462	125.039	11	6.9 Mw 	0	11	11		
1995-06-25 06:59 	Taiwan 	24.62	121.679	60.3	5.9 Mw 	0	1	1		
1995-12-19 20:56 	Guatemala 	15.175	-90.171	15	5.3 Mw 	0	1	1		
1995-12-19 23:28 	Indonesia 	-3.665	140.263	63	6.4 Mw 	0	2	2		
1996-02-21 12:51 	Peru  	-9.722	-79.868	15	7.5 Mw 	0	7			
1996-08-14 01:55 	Turkey 	40.697	35.293	25.8	5.7 Mw 	0	0	1	0	
1997-01-22 17:57 	Turkey 	36.199	35.902	46.1	5.7 Mw 	0	0	1		
1997-04-05 23:46 	China 	39.525	76.83	15	5.9 Mw 	0	0		9	
1997-05-21 23:50 	Spain 	42.83	-7.231	17.1	5.3 Mw 	0	1			
1997-07-21 08:45 	South Africa 	-26.857	26.619	5	5.0 mb 	0	15	15	15	
1997-11-06 02:34 	Canada 	46.771	-71.387	22.5	5.1 Lg 	0	1	1		
1998-01-30 12:16 	Chile 	-23.85	-70.147	42	7.0 Mw 	0	1			
1998-03-26 16:26 	Italy 	43.224	12.919	10	5.4 Mw 	0	1			
1998-04-12 10:55 	Slovenia 	46.271	13.653	7.5	5.6 Mw 	0	1		0	
1998-07-17 08:49 	Papua New Guinea  	-2.946	142.52	23	7.0 Mw 	0	2683	2700		
1998-07-29 07:14 	Chile 	-32.327	-71.244	51	6.4 Mw 	0	2			
1998-09-29 22:14 	Serbia  	44.203	20.094	15	5.5 Mw 	0	1		0	
1999-04-22 22:19 	South Africa 	-27.953	26.679	6.5	5.7 mb 	0	2	2		
1999-06-04 09:12 	Azerbaijan 	40.767	47.483	14	5.4 Mw 	0	0		1	
1999-11-07 16:54 	Turkey 	40.695	30.724	16	4.9 Mw 	0	1			
2000-01-26 20:55 	China 	24.148	103.654	35	4.9 mb 	0	0		1	
2000-05-07 23:10 	Turkey 	38.164	38.777	5	4.5 Md 	0	0		1	
2000-05-12 18:43 	Argentina 	-23.754	-66.777	225	7.2 Mw 	0	1	1		
2000-06-10 18:23 	Taiwan 	23.868	121.181	19	6.4 Mw 	0	2			
2000-07-01 07:01 	Japan 	34.222	139.171	12.5	6.1 Mw 	0	1	1	1	
2000-07-07 00:15 	Turkey 	40.857	29.344	7.8	4.2 Md 	0	1			
2000-10-02 02:25 	Tanzania 	-7.965	30.806	34	6.4 Mw 	0	0		1	
2000-11-08 06:59 	Colombia 	7.091	-77.811	17	6.5 Mw 	0	0		2	
2001-02-28 18:54 	United States  	47.09	-122.581	54	6.8 Mw 	0	0		1	
2001-06-21 19:55 	France 	49.147	6.87	1	4.2 ML 	0	1	1		
2001-07-17 15:06 	Italy 	46.723	11.234	5.7	4.7 Mw 	0	4	3		
2002-01-22 04:53 	Greece 	35.624	26.645	88	6.2 Mw 	0	1			
2002-04-01 06:14 	Papua New Guinea 	-6.231	147.545	81.4	5.3 Mw 	0	36	36		
2002-04-22 04:57 	Peru 	-12.428	-76.578	64.9	4.4 mb 	0	1			
2002-09-06 01:21 	Italy 	38.335	13.728	13	5.9 Mw 	0	2			
2003-01-21 02:46 	Guatemala 	13.623	-90.85	24	6.4 Mw 	0	1			
2003-03-25 02:53 	Indonesia 	-8.339	120.606	34	6.4 Mw 	0	4	4		
2003-05-04 15:44 	China 	39.305	77.142	10	5.8 Mw 	0	1		1	
2003-09-25 19:50 	Japan 	41.864	143.878	27	8.3 Mw 	0	0		2	
2003-09-27 11:33 	Russian Federation 	50.031	87.817	12.3	7.3 Mw 	0	3		3	
2004-05-01 07:56 	Taiwan 	24.058	121.6	27.3	5.2 Mw 	0	2			
2004-07-12 13:04 	Slovenia 	46.305	13.628	7.3	5.2 Mw 	0	1		1	
2005-07-05 16:53 	South Africa 	-26.468	27.435	5	2.7 ML 	0	1			
2005-10-20 21:40 	Turkey 	38.158	26.753	7.7	5.8 Mw 	0	1			
2006-02-14 00:55 	India 	27.382	88.388	30	5.3 Mw 	0	2			
2006-03-14 06:57 	Indonesia 	-3.595	127.214	30	6.7 Mw 	0	4		4	
2006-04-25 11:26 	Australia 	-41.164	146.863	4	2.2 ML 	0	1			
2006-07-17 08:19 	Indonesia  	-9.254	107.411	34	7.7 Mw 	0	730			
2006-07-22 01:10 	China  	27.995	104.138	55	4.9 Mw 	0	22		22	
2006-12-01 14:01 	Indonesia 	-8.251	118.777	43	6.3 Mw 	0	1			
2007-04-01 20:39 	Solomon Islands	-8.43	157.06	10	8.1 Mw 	0	54			
2007-04-21 17:53 	Chile  	-45.24	-72.67	36.7	6.2 Mw 	0	10		10	
2007-12-20 07:55 	New Zealand  	-39.011	178.291	20	6.6 Mw 	0	1			
2008-05-24 19:20 	Colombia 	4.33	-73.764	8	5.9 Mw 	0	6			
2008-06-06 20:02 	Algeria 	35.883	-0.658	4	5.5 Mw 	0	1			
1900-05-11 17:23 	Japan 	38.7	141.1	5	7.0 MJMA 					
1900-07-12 06:25 	Turkey 	40.3	43.1		5.9 Muk 			140		
1900-10-29 09:11 	Venezuela 	11	-66	0	7.7 Mw 					
1901-02-15 00:00 	China 	26	100.1	0	6.5 Ms 					
1901-03-31 07:11 	Bulgaria 	43.4	28.7		6.4 Muk 			4		
1901-08-09 09:23 	Japan 	40.5	142.5	35	7.2 Mw 					
1901-11-15 20:15 	New Zealand  	-43	173	0	6.8 Ms 			1		
1902-01-30 14:01 	Japan 	40.5	141.3	35	6.9 Ms 			1		
1902-02-13 09:39 	Azerbaijan 	40.7	48.6	15	6.9 Muk 			86		
1902-03-09 07:46 	Turkey 	40.7	33.6		5.5 Muk 			4		
1902-04-19 02:23 	Guatemala  	14	-91	0	7.5 Mw 			2000	2000	
1902-07-03 15:36 	China 	43.2	129.6	20	6.7 Ms 					
1902-08-22 03:00 	China 	40	77	0	7.7 Mw 			5650		
1902-09-19 	Australia 	-35	138	2	6.0 ML 			2		
1902-12-16 05:07 	Uzbekistan 	40.8	72.3	9	6.4 Muk 			4725		
1903-03-29 22:30 	Judea and Samaria 	32.2	35.3		5.7 Muk 			20		
1903-04-28 	Turkey  	39.14	42.65		7.0 Ms 					3500
1903-05-28 03:58 	Turkey 	40.9	42.7		5.8 Muk 			1000		
1903-08-11 04:32 	Greece 	36.36	22.97	80	8.3 Muk 			2		
1903-09-25 01:20 	Iran 	35.2	58.2		6.5 Muk 			200		
1904-04-24 06:39 	Taiwan 	23.5	120.5		6.0 Muk 			3		
1904-08-11 05:56 	Greece 	37.75	27	10	6.2 Muk 			4		
1904-08-30 11:42 	China 	30	101	0	6.8 Ms 			565		
1904-11-05 20:25 	Taiwan  	23.5	120.3		6.3 Muk 			145		
1905-04-04 00:50 	India 	33	76	0	7.8 Mw 			20000	20000	
1905-06-01 04:42 	Albania 	42.1	19.6	20	6.6 Muk 			120		
1905-06-02 05:39 	Japan 	34.1	132.5	55	7.0 mb 			11		
1905-09-08 01:43 	Italy  	39	16	0	6.8 Ms 			557	2500	
1905-11-08 22:06 	Greece 	40	24	0	6.8 Ms 					
1906-01-31 15:36 	Ecuador  	1	-81.5	0	8.8 Muk 			1000	400	
1906-03-16 22:42 	Taiwan  	23.6	120.4	5	6.8 Ms 			1258		
1906-04-13 19:18 	Taiwan 	23.6	120.4	5	7.1 MJMA 			15		
1906-04-18 13:12 	United States  	38	-123	0	7.8 Muk 			700	2000	
1906-08-17 00:40 	Chile  	-33	-72	0	8.2 Muk 			3760	20000	
1906-12-22 18:21 	China 	43.5	85	0	7.2 Mw 			285		
1907-01-04 05:19 	Indonesia 	2	94.5	50	7.5 Mw 			400		
1907-01-14 21:36 	Jamaica  	18.2	-76.7		6.5 Muk 			1000		
1907-04-15 06:08 	Mexico 	17	-100	0	7.9 Mw 			28		
1907-04-18 20:59 	Philippines 	14	123	0	7.1 Mw 			2		
1907-10-21 04:23 	Tajikistan  	38	69	0	7.2 Mw 			15000	12000	
1908-01-11 03:35 	Taiwan 	23	121.1	5	6.8 Ms 			2		
1908-12-28 04:20 	Italy  	38	15.5	0	7.2 Ms 			82000	75000	
1909-01-19 04:56 	Turkey 	38.6	26.9		5.8 Muk 			8		
1909-01-23 	Iran  	33	50		7.3 Muk 					8000
1909-02-09 11:24 	Turkey 	40	38	60	6.8 Muk 					
1909-04-14 19:53 	Taiwan 	25	122.5	5	7.1 mb 			9		
1909-04-23 17:39 	Portugal 	38.9	-8.8		6.6 Muk 			30		
1909-05-11 15:54 	China 	24.4	103		6.5 Muk 			19		
1909-06-03 18:40 	Indonesia 	-2	101	0	7.2 Mw 			200		
1909-06-11 	France  	43.7	5.4		6.2 Ms 					46
1909-08-14 06:31 	Japan 	35.4	136.3	5	6.7 Ms 			41		
1909-10-20 23:41 	Pakistan 	30	68	0	7.0 Ms 			231		
1909-11-10 06:13 	Japan 	32.3	131.1	150	7.5 mb 			2		
1910-01-08 14:49 	China 	35	122	0	6.8 Muk 			1		
1910-02-18 05:09 	Greece 	36	24.5	150	6.9 mb 			6		
1910-04-12 00:22 	Japan 	25	123	200	7.6 mb 			20		
1910-06-24 13:27 	Algeria 	36.1	3.4	33	6.4 Muk 			81		
1911-01-03 23:25 	Kazakhstan  	43.5	77.5	0	7.8 Mw 			450		
1911-02-18 18:41 	Kyrgyzstan 	40	73	0	7.2 Mw 			90		
1911-04-18 18:14 	Iran 	32	56	50	6.7 Muk 			700		
1911-06-07 11:02 	Mexico 	17.5	-102.5	0	7.6 Mw 			1300		
1911-06-15 14:26 	Japan 	28	130	90	8.1 mb 			12		
1912-01-24 16:23 	Greece 	38	20.5	60	6.8 Muk 					
1912-05-06 19:00 	Iceland 	64	-20	0	7.0 Ms 			1		
1912-05-23 02:24 	Burma 	21	97	0	7.7 Mw 					
1912-08-09 01:29 	Turkey  	40.5	27	0	7.6 Mw 			2836	923	
1912-11-19 13:55 	Mexico 	19.83	-99.92	15	6.7 Ms 					164
1913-03-14 08:45 	Indonesia 	4.5	126.5	0	7.9 Mw 					
1913-06-14 09:33 	Bulgaria 	43.5	25.5	0	6.8 Muk 			500		
1913-08-06 22:14 	Peru 	-17	-74	0	7.8 Mw 					
1913-11-04 21:33 	Peru 	-14.2	-72.9	10	6.3 Muk 			150		
1913-12-21 15:37 	China 	24.5	102	0	7.2 Mw 			1314		
1914-01-12 09:28 	Japan 	31.6	130.6	5	6.7 Ms 			35		
1914-03-14 20:00 	Japan 	39.5	140.4	5	7.0 Ms 			94		
1914-05-08 18:01 	Italy 	37.7	15.2		4.9 Muk 			69		
1914-05-26 14:22 	Indonesia 	-2	137	0	7.9 Mw 					
1914-06-25 19:07 	Indonesia 	-4.5	102.5	0	7.6 Mw 				20	
1914-08-04 22:41 	China 	43.5	91.5	0	7.2 Mw 					
1914-10-03 22:06 	Turkey  	37.5	32.5	0	7.1 Mw 			4000		
1915-01-13 06:52 	Italy  	42	13.5	0	6.9 Ms 			32610	29980	
1915-03-17 18:45 	Japan 	42.1	143.6	35	7.2 mb 			2		
1915-06-23 04:56 	United States 	32.8	-115.5		6.2 Muk 			6		
1915-09-07 01:20 	El Salvador 	14	-89	80	7.4 mb 			7		
1915-12-03 02:39 	China 	29.5	91.5	0	7.0 Ms 			170		
1916-08-28 07:27 	Taiwan  	23.9	120.5	5	7.2 MJMA 			16		
1916-11-14 22:31 	Taiwan  	24	121		6.0 Muk 			1		
1917-01-04 16:55 	Taiwan	21.9	120.9	0	6.5 Ms 			54		
1917-01-21 23:11 	Indonesia 	-7	116		6.6 Muk 			15000		
1917-01-24 00:48 	China 	31	114	0	6.5 Ms 					
1917-01-31 03:39 	Philippines 	6	125		6.4 Muk 			7		
1917-07-30 23:54 	China 	29	104	0	7.3 Mw 			1879	1800	
1917-08-31 11:36 	Colombia 	4	-74	0	7.1 Ms 					
1918-02-13 06:07 	China  	23.54	117.243	15	7.2 Mw 				10000	
1918-04-21 22:32 	United States 	33.812	-117.44	15	6.8 Muk 			1		
1918-08-15 12:18 	Philippines 	5.653	123.563	35	8.2 Mw 				100	
1918-09-07 17:15 	Russian Federation 	46.812	150.253	242.4	7.6 mb 			24		
1918-10-11 14:14 	Puerto Rico  	18.473	-67.631	35	7.3 Mw 			116	116	
1919-05-06 19:40 	Papua New Guinea 	-5.477	152.629	232.8	7.6 mb 					
1920-06-05 04:21 	Taiwan 	23.813	122.08	35	7.9 Mw 			5		
1920-01-04 04:22 	Mexico 	19.27	-97.08	15	6.2 Ms 					1500
1920-02-20 11:45 	Georgia  	42	44.1	11	6.2 Muk 			130		
1920-09-07 05:55 	Italy 	44.3	10.3	10	5.8 Muk 			171		
1920-12-16 12:05 	China  	36.601	105.317	25	8.6 Ms 			235502	180000	
1920-12-17 18:59 	Argentina  	-32.7	-68.4	10	6.0 Muk 			400		
1921-08-14 	Eritrea  	15.61	39.445							
1921-11-11 18:36 	Philippines 	7.897	127.257	35	7.3 Mw 			600		
1922-04-26 01:11 	Japan 	35.2	139.8	35	6.8 MJMA 			2		
1922-09-01 19:16 	Taiwan 	24.506	122.04	35	7.5 Mw 			5		
1922-10-14 23:45 	Taiwan 	24.5	122	35	6.9 MJMA 			6		
1922-11-11 04:32 	Chile  	-28.553	-70.755	35	8.7 Mw 			1000	1000	
1922-12-07 16:50 	Japan 	32.7	130.1	5	6.9 MJMA 			26		
1922-12-08 02:02 	Japan 	32.7	130.1	5	6.5 MJMA 					
1923-02-03 16:01 	Russian Federation 	53.853	160.761	35	8.5 Mw 					
1923-03-24 12:40 	China 	30.553	101.258	25	7.2 Mw 			450	5000	
1923-04-13 15:31 	Russian Federation 	55.415	162.585	35	7.1 Mw 			18		
1923-05-25 22:21 	Iran 	35.2	59.2		5.7 Muk 			2219		
1923-09-01 02:58 	Japan  	35.405	139.084	35	7.9 Muk 			142807	143000	105000
1923-09-09 22:03 	Bangladesh 	24.943	90.32	35	7.1 Ms 			50		
1923-09-17 07:09 	Iran 	37.2	57.7		6.4 Muk 			157		
1923-09-22 20:47 	Iran 	29.12	56.928	35	6.9 Muk 			290		
1923-12-14 10:31 	Colombia 	1	-77.5		5.3 Muk 			300		
1924-01-14 20:50 	Japan 	35.5	139.2	5	7.3 MJMA 			19		
1924-03-03 08:01 	Ecuador 	-1.6	-78.6		6.9 Muk 			40		
1924-04-14 16:20 	Philippines  	7.023	125.954	33	8.3					
1924-07-03 04:40 	China 	36.632	83.903	35	7.1 Mw 			255		
1924-07-12 15:12 	Kyrgyzstan 	40.565	73.397	25	6.8 Muk 			41		
1924-09-13 14:34 	Turkey  	39.864	41.876	35	6.8 Muk 			30		
1925-03-16 14:42 	China 	25.688	100.494	25	7.0 Ms 			5808	5000	
1925-05-23 02:09 	Japan 	35.6	134.8	5	6.8 Muk 			428		
1925-06-29 14:42 	United States 	34.5	-119.6		6.2 Muk 			13		
1925-12-14 00:00 	Iran 	34.6	58.1		5.5 Muk 			500		
1925-12-18 05:53 	Iran 	28.5	51.2		5.5 Muk 			2		
1926-03-18 14:06 	Turkey 	35.787	29.246	35	6.9 Muk 					
1926-06-26 19:46 	Greece 	36.605	26.888	101.8	7.7 mb 			110		
1926-06-28 03:23 	Indonesia 	-0.051	101.522	35	6.8 Muk 			222		
1926-10-22 19:59 	Turkey  	40.7	43.7	7	5.7 Muk 			370		
1926-11-05 07:55 	Nicaragua 	12.67	-86.736	35	7.1 mb 					
1927-03-07 09:27 	Japan 	35.802	134.924	9.6	7.6 Ms 			2925	2925	
1927-03-20 00:00 	China 	24.1	102		5.0 Muk 			7		
1927-04-14 06:23 	Argentina 	-32.477	-69.675	35	7.2 mb 			8		
1927-05-22 22:32 	China  	37.386	102.311	25	7.9 Ms 			80000	200000	
1927-08-24 18:09 	Taiwan 	23.118	120.237	35	6.8 Muk 			11		
1928-03-22 04:17 	Mexico 	16.127	-96.505	35	7.5 Mw 					
1928-03-31 00:29 	Turkey 	38.1	27.1		6.5 Muk 			170		
1928-04-09 17:34 	Peru 	-13.731	-70.628	35	6.8 Ms 			10		
1928-04-14 09:00 	Bulgaria 	42.402	25.667	15	6.8 Muk 			107	107	
1928-04-18 19:22 	Bulgaria 	42.386	25.087	15	6.8 Muk 			103		
1928-05-14 22:14 	Peru 	-5.261	-78.559	35	7.2 Mw 			29		
1928-08-21 19:01 	Iran 	37.3	57.9	9	5.4 Muk 			10		
1928-12-01 04:06 	Chile 	-35.086	-71.683	35	7.7 Mw 			225		
1928-12-19 11:37 	Philippines 	6.977	124.856	35	7.3 Mw 			93		
1929-01-17 11:45 	Venezuela 	9.499	-64.381	35	6.9 Muk 					
1929-05-01 15:37 	Turkmenistan  	37.957	57.693	25	7.1 Mw 			3257	3300	
1929-05-18 06:37 	Turkey 	40.2	37.9	10	6.5 Muk 			64		
1929-05-30 09:43 	Argentina 	-34.768	-67.598	35	6.8 Muk 			52		
1929-06-16 22:47 	New Zealand  	-41.831	172.292	35	7.5 Mw 			17		
1929-07-13 07:36 	Iran 	37.5	58	57	5.8 Muk 			5		
1929-10-19 10:12 	Chile 	-23.038	-68.737	35	7.4 mb 					
1929-11-18 20:32 	Saint Pierre and Miquelon  	44.539	-56.008	15	7.3 Muk 			52		
1930-05-05 13:45 	Burma 	17.665	96.543	35	7.2 Mw 			550	500	
1930-05-06 22:34 	Iran  	38.152	44.685	25	7.1 Mw 			2514	2500	
1930-05-14 19:48 	China 	26.8	103		6.0 Muk 			42		
1930-07-23 00:08 	Italy  	41.05	15.367		6.6 Muk 					1404
1930-10-30 07:13 	Italy 	43.75	13.5		6.0 Muk 			18		
1930-11-21 02:00 	Albania 	40.5	19.5	12	6.0 Muk 			35		
1930-11-25 19:02 	Japan 	34.977	139.103	35	6.9 Mw 			272	0	
1930-12-02 13:29 	Albania 	40.3	19.6	4	5.0 Muk 			25		
1930-12-03 18:51 	Burma 	17.972	96.422	35	7.3 Mw 			22	36	
1930-12-08 08:01 	Taiwan 	23.2	120.6		6.3 Muk 			4		
1930-12-24 06:02 	Argentina 	-24.7	-66.3	30	6.0 Muk 			36		
1930-12-25 19:03 	Japan 	35.1	133	5	7.0 Muk 			272		
1931-01-15 01:50 	Mexico 	16.053	-96.614	35	7.8 Mw 			68		
1931-02-02 22:46 	New Zealand  	-39.772	176.025	35	7.7 Mw 			256	256	
1931-02-10 06:34 	Indonesia 	-5.433	102.458	35	7.1 Mw 			18		
1931-03-08 01:50 	Kingdom of Yugoslavia 	41.337	22.666	25	6.8 Muk 			35		
1931-03-31 16:02 	Nicaragua  	13.2	-85.7		5.6 Muk 			1000		
1931-04-27 16:50 	Armenia 	39.2	46	22	6.3 Muk 			390		
1931-06-07 01:30 	England  	54.08	1.5		6.1 Muk 					1
1931-08-10 21:18 	China  	46.571	89.965	35	7.9 Mw 			10000		
1931-08-27 15:27 	Pakistan 	29.473	67.172	35	7.1 Mw 			200		
1931-09-21 02:20 	Japan 	36.021	139.381	35	6.8 Muk 			16		
1931-10-03 19:13 	Solomon Islands 	-10.932	161.016	35	7.8 Mw 			50		
1931-11-02 10:03 	Japan 	32.003	131.945	42.2	7.5 Mw 			1		
1932-02-03 06:16 	Cuba 	19.77	-75.85	25	6.8 Muk 			8		
1932-03-14 22:42 	Venezuela 	8.149	-71.974	35	6.8 Muk 			6		
1932-04-06 09:11 	China 	31.4	115	15	6.0 Muk 			6		
1932-05-14 13:11 	Indonesia 	0.258	126.169	35	8.1 Mw 			5	6	
1932-05-21 10:10 	Nicaragua 	12.364	-87.894	35	6.9 Muk 			10		
1932-06-03 10:36 	Mexico  	19.457	-104.146	25	7.9 Mw 			60		
1932-06-18 10:12 	Mexico 	19.452	-103.632	54.3	7.9 Mw 			52		
1932-06-22 12:59 	Mexico 	19.028	-104.379	25	6.9 Muk 			75		
1932-09-26 19:20 	Greece  	40.333	23.732	35	6.9 Muk 			491		
1932-12-25 02:04 	China  	39.771	96.69	25	7.6 Mw 			275		
1933-03-02 17:31 	Japan  	39.224	144.622	35	8.4 Muk 			3064	3008	
1933-03-11 01:55 	United States  	33.63	-118		6.4 Mw 					120
1933-04-23 05:57 	Greece 	36.516	27.15	35	6.8 Muk 			74		
1933-06-24 21:54 	Indonesia 	-5.522	104.434	35	7.3 Mw 			76		
1933-08-25 07:50 	China  	31.81	103.541	25	7.3 Mw 			6865		
1933-11-28 11:09 	Iran 	32.1	56	27	6.3 Muk 			4		
1934-01-12 13:31 	China 	23.7	102.7		6.0 Muk 			1		
1934-01-15 08:43 	Nepal  	26.773	86.762	35	8.1 Muk 			10700	6000	
1935-01-04 14:41 	Turkey  	40.5	27.5	7	6.2 Muk 			5		
1935-02-25 02:51 	Greece 	36.084	24.703	35	6.8 Muk 					
1935-03-05 10:27 	Iran 	36.3	53.3		6.0 Muk 			60		
1935-04-11 23:14 	Iran 	36.432	53.621	35	6.8 Muk 			500		
1935-04-20 22:02 	Taiwan  	24.364	120.613	35	7.1 Ms 			3276	3410	
1935-04-28 00:00 	China 	29.4	102.3		6.0 Muk 			2		
1935-05-01 	Turkey  	40.38	43.41	7	6.2 Muk 					200
1935-05-30 21:32 	Pakistan  	28.894	66.176	35	8.1 Mw 			60000	60000	
1935-07-11 18:35 	Japan 	35	138	10	6.3 Muk 			9		
1936-01-09 09:23 	Colombia 	1.1	-77.6		7.0 Muk 			250		
1936-02-07 08:56 	China 	35.633	103.265	25	6.8 Muk 			42		
1936-04-26 23:59 	China 	28.733	103.497	25	6.8 Muk 					
1936-05-16 07:05 	China 	28.675	103.684	25	6.8 Muk 			550		
1936-08-01 06:24 	China 	34.2	105.7		6.0 Muk 			144		
1936-08-17 00:00 	China 	26.6	103		5.5 Muk 			30		
1936-08-23 21:12 	Indonesia 	5.296	94.759	35	7.1 Ms 			91	9	
1937-07-26 03:47 	Mexico 	18.523	-95.878	35	7.2 mb 			34		
1937-07-31 20:35 	China 	35.252	115.153	25	6.9 Muk 			3833		
1937-08-20 11:59 	Philippines 	14.318	121.547	35	7.3 Mw 			1		
1937-12-23 13:18 	Mexico 	17.431	-98.287	35	7.4 Mw 			4		
1938-04-19 10:59 	Turkey  	39.439	34.015	35	6.8 Muk 			155	149	
1938-05-19 17:08 	Indonesia 	-0.366	119.525	49.4	7.5 Mw 			8		
1938-11-05 08:43 	Japan 	37.009	142.045	35	7.9 Mw 			1		
1939-01-25 03:32 	Chile  	-36.2	-72.2	0	7.7 Mw 			28000	30000	
1939-04-30 02:55 	Solomon Islands 	-9.295	159.234	35	7.9 Mw 			12		
1939-05-01 05:58 	Japan 	39.839	139.969	35	7.0 Ms 			27		
1939-06-22 19:19 	Ghana 	5.18	-0.13	13	6.4 Muk 			22		
1939-09-19 00:00 	China 	24.4	102.5		5.5 Muk 			1		
1939-12-26 23:57 	Turkey  	39.77	39.533	35	7.8 Ms 			32968	32962	
1940-04-06 13:43 	China 	23.9	102.3		6.0 Muk 			181		
1940-05-07 22:23 	Georgia 	41.7	43.8	19	6.0 Muk 			5		
1940-05-19 04:36 	United States  	33.222	-115.697	15	6.9 Muk 			9	9	
1940-05-24 16:33 	Peru 	-11.119	-77.629	50.1	7.5 Mw 			250	249	
1940-06-19 00:00 	China 	24.4	102.5		5.5 Muk 			2		
1940-08-01 15:08 	Japan 	44.508	139.829	35	7.5 Mw 			10		
1940-11-10 01:39 	Romania  	45.773	26.655	122	7.3 mb 			1000	980	
1941-01-11 08:32 	Yemen 	16.4	43.5		5.9 Muk 			1200		
1941-02-16 16:38 	Iran 	33.5	58.6		6.3 Muk 			680		
1941-04-15 19:09 	Mexico 	18.677	-102.957	35	7.6 Mw 			90		
1941-05-05 15:18 	China 	47	127.2		6.0 Muk 			132		
1941-05-16 07:14 	China 	23.514	99.408	25	6.9 Muk 			16		
1941-06-26 11:52 	India 	12.149	92.478	49.1	7.7 Mw 					
1941-09-10 21:53 	Turkey  	39.5	43.3	28	6.0 Muk 			500		
1941-10-08 15:24 	China 	31.7	102.3		6.0 Muk 			139		
1941-11-12 10:04 	Turkey 	39.7	39.4	70	5.9 Muk 			15		
1941-11-18 16:46 	Japan 	32	132	0	7.7 Mw 			2		
1941-12-16 19:19 	Taiwan  	23.251	120.391	35	7.1 Mw 			357		
1941-12-26 14:48 	Burma 	21.076	99.145	25	7.0 Ms 					
1942-02-01 17:30 	China 	23.1	100.3		6.8 Muk 			90		
1942-05-14 02:13 	Ecuador 	0.012	-79.902	35	7.8 Mw 			200	200	
1942-08-06 23:37 	Guatemala 	13.78	-90.913	35	7.7 Mw 			38		
1942-08-24 22:50 	Peru 	-14.975	-74.92	35	7.7 Mw 			30		
1942-08-27 06:14 	Albania 	41.7	20.4	33	6.0 Muk 			43		
1942-12-20 14:03 	Turkey  	40.671	36.45	35	7.2 Mw 			3000	3000	
1943-01-20 15:32 	Turkey 	40.8	30.5		6.6 Muk 			285		
1943-02-22 09:20 	Mexico 	17.75	-101.5	0	7.4 Mw 			11		
1943-04-06 16:07 	Chile 	-30.75	-72	0	8.2 Mw 			18		
1943-06-20 15:33 	Turkey  	40.6	30.5	15	6.2 Muk 			336		
1943-07-23 14:53 	Indonesia 	-9.5	110	90	7.6 mb 			213	213	
1943-09-10 08:36 	Japan  	35.25	134	0	7.0 Mw 			1083	1083	
1943-11-26 22:20 	Turkey  	41	34	0	7.5 Mw 			4020	2824	
1943-12-02 05:08 	Taiwan 	22.9	121.5	0	6.5 Ms 			3		
1944-01-15 23:49 	Argentina  	-31.25	-68.75	50	7.1 Mw 			8000	10000	
1944-02-01 03:22 	Turkey  	41.5	32.5	0	7.2 Mw 			3959	3959	
1944-03-09 22:12 	China 	44	84	0	7.1 Ms 			4		
1944-04-05 00:00 	Iran 	36.8	54.5	7	4.8 Muk 			20		
1944-10-06 21:34 	Turkey 	39.4	26.7		6.8 Ms 			30		
1944-12-07 04:35 	Japan  	33.75	136	0	8.1 Muk 			1251	998	
1945-01-12 18:38 	Japan  	34.75	136.75	0	6.8 Ms 			2306	1961	
1945-02-10 04:57 	Japan 	41.25	142.5	50	7.1 Ms 			2		
1945-03-20 07:59 	Turkey 	37.4	35.8	60	6.0 Muk 			300		
1945-09-13 11:17 	Chile 	-33.25	-70.5	100	7.0 mb 			4		
1945-09-23 15:34 	China 	39.5	119		6.3 Muk 			600		
1945-11-27 21:56 	Pakistan  	24.5	63	0	8.0 Mw 			300	4000	
1946-02-12 02:43 	Algeria 	36	5		6.0 Muk 			277		
1946-02-21 15:43 	Turkey 	38.2	31.8	60	5.6 Muk 			12		
1946-04-01 12:28 	United States  	52.75	-163.5	0	7.3 Ms 			173	165	
1946-05-31 03:12 	Turkey  	39.3	41.2		5.9 Muk 			1300		
1946-06-23 17:13 	Canada  	49.75	-124.5	0	7.6 Mw 			1		
1946-08-02 19:18 	Chile 	-26.5	-70.5	50	7.1 Ms 			2		
1946-08-04 17:51 	Dominican Republic  	19.25	-69	0	7.9 Mw 			100	73	
1946-11-02 18:28 	Kyrgyzstan 	41.5	72.5	0	7.3 Mw 					
1946-11-04 21:47 	Turkmenistan 	39.75	54.5	0	7.1 Mw 			400		
1946-11-10 17:42 	Peru 	-8.5	-77.5	0	6.8 Mw 			1400	1400	
1946-12-04 22:46 	Taiwan  	22.5	122.5	0	6.6 Ms 			74		
1946-12-20 19:19 	Japan  	32.5	134.5	0	8.1 Muk 			1330	2000	
1947-03-26 20:48 	China 	25	102		5.5 Muk 			4		
1947-09-23 12:28 	Iran 	33	59	0	6.8 Muk 			500		
1947-09-26 16:01 	Japan 	24.75	123	110	7.4 mb 			5		
1947-10-06 19:55 	Greece 	37	22	0	6.9 Ms 					
1947-11-01 14:58 	Peru 	-10.5	-75	0	7.7 Mw 			233	233	
1948-01-24 17:46 	Philippines 	10.5	122	0	8.1 Mw 			72	27	
1948-05-11 08:55 	Peru 	-17.5	-70.25	70	7.4 mb 			4		
1948-05-25 07:11 	China 	29.5	100.5	0	7.2 Mw 			737		
1948-05-28 05:36 	Peru 	-13	-76.5	60	7.0 Muk 			4		
1948-06-15 11:44 	Japan 	33.75	135.25	0	6.9 Muk 			2		
1948-06-27 00:08 	China 	26.4	99.7		6.8 Muk 			280		
1948-06-28 07:13 	Japan  	36.5	136	0	7.0 Mw 			3769	5131	
1948-06-30 12:21 	Greece 	38.5	20.5	33	6.4 Muk 			6		
1948-08-25 06:09 	Argentina  	-24.5	-65	50	6.9 Ms 			5		
1948-10-05 20:12 	Turkmenistan  	37.5	58	0	7.2 Mw 			19800	110000	
1948-10-08 19:01 	China 	27.4	104		5.8 Muk 			9		
1948-12-04 00:22 	Mexico 	22	-106.5	0	6.9 Muk 			4		
1949-02-23 16:08 	China 	41	83.5	0	7.3 Mw 			12		
1949-04-13 19:55 	United States  	47.25	-122.5	60	6.5 Ms 			8	8	
1949-04-20 03:29 	Chile 	-38	-73.5	70	7.1 mb 			57		
1949-07-10 03:53 	Tajik Soviet Socialist Republic  	39	70.5	0	7.6 Mw 			12000		
1949-07-23 15:03 	Turkey 	38.6	26.3	0	6.8 Muk 			7		
1949-08-05 19:08 	Ecuador  	-1.5	-78.25	0	6.8 Muk 			6000	6000	
1949-08-17 18:44 	Turkey  	39.5	40.6	0	6.8 Muk 			320	437	
1949-12-17 06:53 	Chile  	-54	-71	0	7.8 Mw 			1		
1949-12-17 15:07 	Chile 	-54	-71	0	7.8 Mw 			3		
1949-12-29 03:03 	Philippines 	18	121	0	7.2 Mw 			15		
1950-05-21 18:37 	Peru 	-13.5	-72		6.0 Muk 			120		
1950-06-19 12:36 	Indonesia 	-6.25	112	0	6.8 Muk 			16		
1950-08-03 22:18 	Venezuela 	10.5	-68	8	6.8 Muk 			100		
1950-08-15 14:09 	China  	28.5	96.5	0	8.6 Muk 			3300	1500	
1950-12-09 21:38 	Chile 	-23.5	-67.5	100	7.7 mb 			4		
1951-07-09 00:04 	Mexico 	16.1	-96.8	50	6.2 Muk 			1		
1951-08-13 18:33 	Turkey  	40.8	33.4	0	6.7 Muk 			50		
1951-10-21 21:34 	Taiwan  	23.75	121.5	0	7.5 Mw 			68		
1951-11-24 18:50 	Taiwan  	23	122.5	0	7.3 Mw 			17		
1952-01-03 06:03 	Turkey  	39.9	41.7		6.0 Muk 			103		
1952-03-04 01:22 	Japan 	42.5	143	0	8.1 Mw 			33	30	
1952-06-11 00:31 	Argentina  	-31.581	-68.467	25	6.5 Ms 			5		
1952-07-17 16:09 	Japan 	34.4	135.8	64	6.8 Muk 			9		
1952-07-21 11:52 	United States  	34.949	-119.046	10	7.3 Muk 			12	14	
1952-08-17 16:02 	China 	30.797	91.648	10	7.7 Mw 			54		
1952-08-22 22:41 	United States 	35.333	-118.917	16	5.8 Muk 			2		
1952-10-22 00:00 	Turkey 	36.5	35.5		5.0 Muk 			10		
1952-11-04 16:58 	Russian Federation  	52.755	160.057	22.2	9.0 Muk 					
1953-01-25 19:47 	Haiti 	18.4	-73.4		5.7 Muk 			2		
1953-02-12 08:15 	Iran 	35.4	55.1		6.4 Muk 			973		
1953-03-18 19:06 	Turkey  	40.12	27.621	15	7.2 Mw 			1103	1200	
1953-05-06 17:16 	Chile 	-37.254	-72.92	68.4	7.5 mb 			19		
1953-08-12 09:23 	Greece  	38.046	20.766	15	7.2 Mw 			800	455	
1953-09-10 04:06 	Cyprus 	35	32.5		6.5 Muk 			40		
1953-09-14 00:26 	Fiji  	-18.3	178.2	33	6.8 Muk 			8		
1953-12-12 17:31 	Peru 	-3.597	-80.847	19	7.5 Mw 			7	7	
1954-02-11 00:30 	China 	38.876	101.212	35	7.1 Mw 			47		
1954-04-30 13:02 	Greece 	39.187	22.239	25	6.8 Ms 			31		
1954-07-02 02:45 	Philippines 	13	123.9	0	6.8 Ms 			22	13	
1954-08-20 15:30 	Iran 	27.5	52		5.0 Muk 			1		
1954-09-09 01:04 	Algeria 	36.2	1.6	0	6.7 Ms 			1409	1250	
1955-03-31 18:17 	Philippines 	7.386	122.878	54.2	7.7 Mw 			465	400	
1955-04-14 01:29 	China 	29.981	101.613	10	7.5 Mw 			94	39	
1955-04-15 03:40 	China 	39.816	74.64	35	7.1 Mw 			5		
1955-04-19 20:24 	Chile 	-29.9	-71.6	0	6.9 Ms 			1		
1955-04-21 07:18 	Greece 	39.5	23		6.0 Muk 			7		
1955-07-16 07:07 	Turkey 	37.6	27.2	0	6.8 Ms 			23		
1955-09-12 06:09 	Egypt 	32.2	29.6	33	6.7 Ms 			18	20	
1955-09-01 17:33 	Costa Rica 	10	-84.5		5.8 Muk 			10		
1955-09-23 15:06 	China 	26.6	101.7	0	6.9 Ms 			593		
1956-01-12 05:46 	Hungary 	47.5	19.3		5.8 Muk 			2		
1956-02-20 20:31 	Turkey 	40	30.5		5.8 Muk 			4		
1956-03-16 19:32 	Syrian Arab Republic 	35.5	35.5		5.8 Muk 			148		
1956-06-09 23:13 	Afghanistan 	35.042	67.479	35	7.6 Mw 			350	100	
1956-07-09 03:11 	Greece 	36.617	26.026	35	7.8 Mw 			53		
1956-07-16 15:07 	Burma 	21.969	95.802	32.1	7.1 Mw 			38		
1956-07-21 15:32 	India 	23	70		6.1 Muk 			111		
1956-09-29 23:20 	Japan 	35.642	140.31	67	6.9 Ms 			1		
1956-10-31 14:03 	Iran 	27.283	54.405	35	6.8 Ms 			410		
1957-02-20 04:41 	Tunisia 	36.2	8.9		5.6 Muk 			13		
1957-02-23 20:26 	Taiwan 	23.917	121.517	56.8	7.2 Mw 			7		
1957-03-08 12:21 	Greece 	39.267	22.607	10	6.9 Ms 			2		
1957-04-25 02:25 	Turkey 	36.387	28.609	63.4	7.0 mb 			67		
1957-05-26 06:33 	Turkey  	40.672	31.042	15	7.2 Mw 			500	53	
1957-07-02 00:42 	Iran 	36.09	52.701	35	7.1 Mw 			1200	2500	
1957-07-28 08:40 	Mexico 	16.881	-99.297	37.2	7.8 Mw 			160	160	
1957-12-04 03:37 	Mongolia 	45.153	99.206	35	8.1 Muk 					
1957-12-13 01:45 	Iran 	34.278	47.712	35	6.8 Ms 			2000	3000	
1958-01-15 19:14 	Peru 	-16.779	-72.503	68.6	7.0 mb 			28	28	
1958-01-19 14:07 	Ecuador 	1.054	-79.48	35	7.8 Mw 			20		
1958-02-07 23:23 	China 	31.577	103.912	14.2	6.8 Ms 					
1958-03-11 00:26 	Japan 	24.433	124.351	109.9	7.2 mb 			2		
1958-04-14 21:32 	Ecuador 	0.706	-79.575	35	6.8 Ms 			3		
1958-07-10 06:15 	US Territory of Alaska 	58.37	-136.665	35	7.3 Muk 			5		
1958-08-16 19:13 	Iran 	34.259	47.869	35	6.7 Ms 			200	191	
1958-09-04 21:51 	Chile 	-33.785	-70.112	35	6.8 Ms 			7		
1958-10-20 01:12 	Indonesia 	-9.5	112.5	100	6.7 Muk 			7		
1959-04-26 20:40 	Japan 	24.687	122.792	126.3	7.5 mb 			1		
1959-05-04 07:15 	Russian Federation 	53.351	159.645	35	8.0 Mw 			1		
1959-05-24 19:17 	Mexico 	17.45	-97.145	69.6	7.0 mb 			5		
1959-06-14 00:12 	Chile 	-20.369	-68.881	111.6	7.5 mb 			1		
1959-08-15 08:57 	Taiwan  	21.952	120.97	25	7.2 Mw 			17		
1959-08-18 06:37 	United States  	44.548	-110.636	15	7.3 Muk 			28	28	
1959-08-26 08:25 	Mexico 	18.16	-94.417	32.4	6.9 Ms 			25		
1959-09-01 11:37 	Albania 	40.9	19.8	11	6.1 Muk 			2		
1960-01-13 15:40 	Peru 	-15.814	-72.788	95.4	7.5 mb 			63	57	
1960-01-15 09:30 	Peru 	-14.961	-75.162	97.2	6.9 mb 			63		
1960-02-21 08:13 	Algeria 	36	4.1	33	5.6 Muk 			47		
1960-02-29 23:40 	Morocco  	30.5	-9.5		5.7 Mw 			13100		
1960-04-24 12:14 	Iran 	28	54.5		6.0 Muk 			420		
1960-05-22 10:30 	Chile 	-37.963	-73.173	38	6.8 Mw 					
1960-05-22 19:11 	Chile  	-38.235	-73.047	35	9.5 Muk 			5700	6000	
1960-09-22 09:05 	Democratic Republic of the Congo 	-3.6	29	28	6.6 Muk 			24		
1960-11-20 22:02 	Peru 	-6.727	-80.606	52	7.8 Mw 			11		
1961-02-26 18:10 	Japan 	31.632	131.548	49.9	7.7 Mw 			2		
1961-06-01 23:29 	Ethiopia 	10.44	39.858	23.9	6.6 Muk 			30		
1961-06-11 05:10 	Iran 	27.865	54.558	35	6.8 Ms 			61		
1961-08-19 05:33 	Japan 	36.07	136.7	35	6.9 Ms 			8		
1961-12-20 13:25 	Colombia 	4.587	-75.542	162.9	6.9 Ms 			23		
1962-01-08 01:00 	Dominican Republic 	18.291	-70.461	32.6	6.7 Ms 			1		
1962-05-11 14:11 	Mexico 	17.171	-99.651	35	7.3 Mw 			4		
1962-05-19 14:58 	Mexico 	17.008	-99.764	35	6.7 Ms 			30		
1962-07-30 20:19 	Colombia 	5.096	-76.626	150	6.9 Ms 			47		
1962-08-28 10:59 	Greece 	37.874	22.737	107.7	6.8 Ms 			1		
1962-09-01 19:20 	Iran  	35.556	49.81	17.6	6.9 Ms 			12225	12000	
1963-02-13 08:50 	Taiwan 	24.356	122.06	35	7.3 Mw 			15		
1963-07-16 18:27 	Georgia 	43.163	41.527	35	6.7 Ms 			2		
1963-09-24 16:30 	Peru 	-10.694	-78.212	65.3	6.9 mb 			1		
1963-06-26 04:17 	Macedonia  	? 	?? 	? 	6.1 Mw 		1100			
1964-01-08 22:30 	Indonesia 	-3.737	119.419	60	5.5 mb 			8		
1964-01-18 12:04 	Taiwan  	23.15	120.656	21	6.4 mb 			106	107	
1964-03-28 03:36 	United States  	61.017	-147.648	6.6	9.2 Muk 			131	131	
1964-04-02 01:11 	Indonesia 	5.987	95.404	129.2	5.6 mb 			110		
1964-05-07 05:45 	Tanzania 	-3.93	35.112	31.6	6.3 mb 			1	4	
1964-06-14 12:15 	Turkey 	38.08	38.475	10.4	5.5 mb 			8		
1964-06-16 04:01 	Japan  	38.434	139.226	13.1	7.5 Muk 			26	25	
1964-07-06 07:22 	Mexico 	18.194	-100.51	92.7	7.2 mb 			30		
1964-10-06 14:31 	Turkey 	40.25	28.208	31	6.0 mb 			23	23	
1965-01-24 00:11 	Indonesia  	-2.455	125.965	28.4	8.2 Mw 			71		
1965-02-23 22:11 	Chile 	-25.667	-70.71	38.5	6.5 Ms 			1		
1965-03-09 17:57 	Greece 	39.229	23.825	4.7	5.6 mb 			2	38	
1965-03-28 16:33 	Chile 	-32.492	-71.212	69.9	7.4 mb 			337	400	
1965-03-31 09:47 	Greece 	38.339	22.299	50.3	6.3 mb 			6		
1965-04-19 23:42 	Japan 	34.842	138.278	38.7	5.6 mb 			2		
1965-04-29 15:28 	United States 	47.317	-122.335	65.4	6.5 mb 			7	7	
1965-07-06 03:18 	Greece 	38.391	22.426	23.3	5.8 mb 			1		
1965-08-23 19:46 	Mexico  	16.178	-95.846	10.5	7.4 Mw 			5		
1965-11-13 04:33 	China 	43.84	87.755	51.6	7.0 Muk 			7		
1966-02-05 02:01 	Greece 	39.044	21.757	21.4	6.2 Muk 			1		
1966-02-05 15:12 	China 	26.16	103.171	9.2	5.6 mb 			371		
1966-03-07 21:29 	China 	37.388	114.963	7.7	6.6 Mw 				0	
1966-03-12 16:31 	Japan 	24.307	122.695	28.9	7.4 Mw 			7		
1966-03-20 01:42 	Democratic Republic of the Congo 	0.842	29.873	15	7.2 Muk 			200	128	
1966-03-22 08:11 	China  	37.551	114.991	17.7	5.6 mb 			8064		
1966-04-25 23:22 	Uzbekistan  				5 ML 				10	
1966-06-27 10:41 	Nepal 	29.554	80.854	22.7	6.0 mb 			80	80	
1966-08-01 21:02 	Pakistan 	30.051	68.629	9.8	7.0 Muk 			2		
1966-08-15 02:15 	India 	28.616	78.892	25	5.6 mb 			15		
1966-08-19 12:22 	Turkey  	39.161	41.58	17.5	5.8 mb 			2517	2394	
1966-09-28 14:00 	China 	27.457	100.089	5.5	5.8 mb 			32		
1966-10-17 21:41 	Peru 	-10.807	-78.684	20.7	8.2 Mw 			110	120	
1966-10-29 02:39 	Greece 	38.874	21.176	11.3	5.7 mb 			1		
1966-12-28 08:18 	Chile 	-25.502	-70.655	30	7.7 Mw 			3	4	
1967-02-09 15:24 	Colombia 	2.889	-74.799	40.4	7.2 Mw 			98	61	
1967-02-19 22:14 	Indonesia 	-9.168	112.946	97.9	5.9 mb 			54	54	
1967-03-27 08:58 	China 	38.516	116.601	26.8	5.5 mb 			9		
1967-04-12 04:51 	Indonesia 	5.084	96.232	18.6	6.1 mb 			14		
1967-05-01 07:09 	Greece 	39.552	21.291	13	5.9 Muk 			9		
1967-07-22 16:56 	Turkey  	40.632	30.74	4.2	7.4 Mw 			173	183	
1967-07-26 18:52 	Turkey 	39.502	40.408	8.7	5.6 mb 			110		
1967-07-29 10:24 	Colombia 	6.788	-73.073	160.9	5.9 mb 			20		
1967-07-29 20:05 	Venezuela  	10.555	-67.31	23.7	6.5 mb 			240	240	
1967-08-30 04:22 	China 	31.631	100.232	8.1	7.0 Muk 			39		
1967-10-25 00:59 	Taiwan 	24.464	122.221	67.1	7.0 mb 			2		
1967-11-30 07:23 	Albania 	41.379	20.456	36.5	5.8 mb 			18	7	
1967-12-10 22:51 	India  	17.394	73.774	10.7	6.3 Muk 			180	177	
1967-12-21 02:25 	Chile 	-21.864	-69.948	42.5	7.4 Mw 			1		
1968-01-14 	Italy  	38	13		6.4 Muk 					380
1968-02-19 22:45 	Greece 	39.372	24.946	8.1	7.2 Mw 			20	19	
1968-04-01 00:42 	Japan 	32.482	132.192	30.2	7.5 Mw 			1		
1968-05-16 00:49 	Japan 	40.903	143.346	25.8	8.3 Mw 			52	47	
1968-05-23 17:24 	New Zealand 	-41.743	172.123	46.7	7.2 Mw 			3		
1968-06-19 08:13 	Peru 	-5.558	-77.151	15.6	6.9 Ms 			46	11	
1968-07-02 03:44 	Mexico 	17.515	-100.259	58.3	5.7 mb 			1		
1968-08-01 20:19 	Philippines  	16.384	122.078	52.2	7.7 Mw 			207	271	
1968-08-02 14:06 	Mexico 	16.494	-97.771	49.8	7.3 Mw 			18		
1968-08-14 22:14 	Indonesia 	0.058	119.69	18.8	7.3 Mw 			392		
1968-08-31 10:47 	Iran  	34.045	58.96	12.3	7.2 Mw 			15000	10000	
1969-02-11 22:08 	China 	41.426	79.239	13.1	7.1 Muk 			2		
1969-02-23 00:37 	Indonesia 	-3.179	118.799	60.6	5.9 mb 			600		
1969-07-18 05:24 	China  	38.421	119.453	12	7.2 Mw 			10		
1969-10-02 06:19 	United States  	38.3	-122.764	15	5.7 Muk 			1		
1969-10-27 08:10 	Bosnia and Herzegovina 	44.837	17.234	15	6.1 Ms 			9		
1970-01-04 17:00 	China  	24.147	102.462	14	7.2 Mw 			15621	10000	
1970-05-14 09:20 	Russian Federation 	43.079	47.08	13.2	5.5 mb 					
1970-05-14 18:12 	Russian Federation 	43.102	47.071	12.7	6.5 Ms 					
1970-06-05 04:53 	Kyrgyzstan 	42.492	78.719	4	6.6 Ms 					
1971-04-03 04:49 	China 	32.178	95.028	15	5.6 mb 			1		
1971-04-12 19:03 	Iran 	28.264	55.608	5.6	5.9 Ms 			1		
1971-04-28 15:32 	China 	22.953	100.993	8	6.3 Ms 			2		
1971-07-26 01:48 	China 	39.848	77.246	41.1	5.8 mb 			1		
1971-08-16 04:58 	China 	28.879	103.672	22.7	5.5 mb 			10		
1971-10-12 09:45 	Guatemala 	15.797	-91.137	35.5	5.7 Ms 			2		
1973-02-06 10:37 	China 	31.353	100.545	10	7.7 Muk 			2199		
1973-08-16 03:58 	China 	23.003	101.078	6.4	6.4 Ms 			1		
1974-04-22 00:29 	China 	31.533	119.28	14.2	5.5 Ms 			8		
1974-05-10 19:25 	China  	28.195	104.007	10.2	6.8 Ms 			1541		
1974-10-02 02:54 	Peru 	-5.882	-81.019	20.5	5.7 mb 				78	
1975-02-04 11:36 	China  	40.667	122.646	8	7.0 Mw 			1328	10000	2041
1975-07-08 12:04 	Burma 	21.452	94.598	117.6	6.5 mb 			1		
1976-01-13 13:29 	Iceland 	66.226	-16.578	15	6.3 Mw 				1	
1976-02-04 09:30 	Guatemala  	14.812	-90.469	60.4	5.4 mb 					
1976-04-05 16:54 	China 	40.23	112.222	7	5.5 Ms 			28		
1976-05-29 12:23 	China 	24.501	98.93	6.5	6.7 Mw 			98		
1976-05-29 14:00 	China 	24.581	98.61	7.6	6.6 Mw 					
1976-07-21 15:10 	China 	24.768	98.667	4.3	6.1 Mw 			11		
1976-07-28 10:45 	China 	39.723	118.359	18.2	7.0 Mw 					
1976-08-16 14:06 	China  	32.753	104.088	10.7	6.7 Mw 				0	
1976-08-16 16:11 	Philippines  	6.292	124.089	57.9	8.0 Mw 		6500	8000	6000	
1976-08-17 04:19 	Philippines 	7.259	122.96	20.2	7.1 Mw 					
1976-08-23 03:30 	China 	32.481	104.182	7.9	6.4 Mw 			41		
1976-11-06 18:04 	China 	27.554	101.021	7.7	6.3 Mw 			33		
1976-12-13 06:36 	China 	27.336	101.024	3.4	5.9 Ms 			2		
1977-01-01 21:39 	China 	38.185	91.014	5.3	6.0 Mw 			2		
1977-03-04 21:21 	Romania  	45.776	26.702	89	7.5 Mw 			1581	1641	
1977-08-19 05:08 	Indonesia 	-11.18	118.37	29.4	5.7 Mw 				185	
1977-08-19 06:08 	Indonesia 	-11.126	118.38	22.6	8.3 Mw 		189	189		
1978-06-12 08:06 	Japan 	38.235	142.105	46.2	5.7 mb 			28		
1979-03-15 12:52 	China 	23.162	101.106	13.5	6.0 Mw 			12		
1980-08-23 21:50 	India 	32.893	75.776	11.3	5.5 Mw 			13		
1980-10-10 15:39 	Algeria  	36.213	1.577	12.4	6.2 Mw 					
1981-02-25 02:35 	Greece 	38.097	23.17	6	6.4 Mw 					
1981-06-21 10:30 	Chile 	-20.276	-70.384	36	5.7 Mw 				10	
1982-01-23 14:10 	Taiwan 	23.951	121.752	11.8	6.0 Mw 			1		
1983-04-04 02:51 	Indonesia 	5.722	94.687	85.6	7.0 Mw 				0	
1983-04-05 06:50 	China 	39.972	75.215	10.7	5.8 Mw 					
1983-04-12 12:07 	Peru 	-4.846	-78.091	125.9	7.0 Mw 			10		
1983-10-25 00:36 	Indonesia 	1.151	120.841	26.6	6.5 Mw 			2		
1983-12-16 13:15 	Tajikistan 	39.351	72.929	13.3	5.9 Mw 				12	
1983-12-21 23:32 	Papua New Guinea 	-5.446	151.895	42.2	6.2 Mw 			10	10	
1984-05-21 15:37 	China 	32.604	121.602	43.8	6.0 Mw 			13		
1984-06-24 11:17 	Dominican Republic 	17.981	-69.371	45.1	6.7 Mw 			5		
1985-09-21 01:37 	Mexico 	17.831	-101.623	17.6	7.5 Mw 					
1986-08-06 19:55 	China 	29.28	100.754	10.8	5.3 Mw 			2		
1987-03-06 01:54 	Ecuador  	0.04	-77.666	12.6	6.4 Mw 				5000	
1988-08-11 16:00 	Iran 	29.944	51.585	7.8	5.8 Mw 				1	
1988-09-06 00:42 	Papua New Guinea 	-6.062	146.226	0	4.3 ML 			74		
1988-11-06 13:15 	China 	23.186	99.411	8.9	6.4 mb 					
1989-01-22 23:02 	Tajikistan 	38.461	68.699	3.4	5.3 mb 		274	274	274	
1989-03-09 02:37 	Malawi 	-13.683	34.473	27.4	5.6 Mw 				9	
1989-07-21 03:09 	China 	30.001	99.362	5.9	5.6 Mw 			3		
1989-10-18 17:01 	China 	40.014	113.933	4.5	5.6 Mw 			17		
1989-10-29 19:21 	Algeria 	36.706	2.437	16.6	5.6 Ms 					
1990-02-08 07:15 	Philippines 	9.767	124.631	26	6.7 Mw 				1	
1990-04-26 09:37 	China 	36.059	100.278	9.3	6.2 Mw 			119	126	
1990-05-05 07:21 	Italy 	40.665	15.851	1.7	5.8 Mw 				2	
1991-01-05 14:57 	Burma 	23.559	95.89	16.2	6.9 Mw 			2	0	
1991-01-31 23:03 	Afghanistan 	35.944	70.403	142	6.8 Mw 			703	3	
1991-04-18 09:18 	Tajikistan 	37.464	68.269	10.5	5.5 Mw 			3	24	
1992-09-02 00:16 	Nicaragua  	11.727	-87.38	45	7.6 Mw 		184	184	179	
1992-12-12 05:29 	Indonesia  	-8.498	121.832	28	7.7 Mw 		2519	1740	2500	
1993-01-15 11:06 	Japan 	43.022	144.194	94.8	7.6 Mw 			2	2	
1993-02-02 16:05 	China 	42.2	86.144	32	5.7 mb 			4		
1993-10-13 02:06 	Papua New Guinea 	-5.844	146.131	25	6.9 Mw 		60	60	53	
1994-02-15 17:07 	Indonesia 	-4.999	104.255	23	6.8 Mw 		207	207	207	
1994-05-01 12:00 	Afghanistan 	36.934	67.124	17.5	6.1 Mw 				160	
1994-06-02 18:17 	Indonesia  	-10.409	112.934	34.5	7.8 Mw 		277	277		
1994-10-04 13:22 	Russian Federation 	43.863	147.353	14	8.3 Mw 		11	11	5	
1995-03-26 15:12 	Ecuador 	-2.133	-79.509	95.5	5.6 Mw 				1	
1996-09-24 19:24 	China 	27.212	100.332	8.2	5.5 Mw 			1	0	
1998-07-09 14:19 	Azerbaijan 	38.726	48.525	29	5.9 Mw 				1	
1999-09-25 23:52 	Taiwan 	23.813	121.087	17	6.5 Mw 			5		
1999-11-26 13:21 	Vanuatu 	-16.316	168.239	33	7.4 Mw 		10	10	12	
2000-01-14 22:09 	China  	25.549	101.118	13.6	5.5 Mw 				7	
2000-06-05 23:55 	Indonesia 	-4.151	101.953	47	5.5 Mw 				1	
2000-11-25 18:10 	Azerbaijan 	40.161	49.912	52.9	6.5 Mw 					
2002-01-21 04:39 	Democratic Republic of the Congo 	-1.77	28.996	11.6	5.1 Mw 				45	
2002-03-27 08:52 	Afghanistan 	36.053	69.248	9.1	5.6 Mw 					
2002-11-03 07:33 	Pakistan 	35.348	74.595	15.7	5.3 Mw 					
2003-05-22 18:11 	Kazakhstan 	42.954	72.763	35	5.5 Mw 				3	
2003-07-27 07:32 	Bangladesh 	22.743	92.168	10	4.3 mb 					
2003-07-27 12:07 	Bangladesh 	22.836	92.316	35	5.4 Mw 					
2003-10-25 12:47 	China 	38.371	100.994	13.5	5.8 Mw 					
2004-02-14 11:56 	Pakistan 	34.772	73.169	11	5.3 Mw 					
2004-02-25 12:44 	Morocco 	35.225	-4.08	7.2	5.2 Mw 					
2004-02-26 12:07 	Morocco 	35.246	-4.178	18.3	4.9 Mw 					
2004-03-07 06:37 	Morocco 	35.174	-4.161	34.6	5.1 Mw 					
2004-05-28 12:38 	Iran 	36.257	51.565	26.7	6.3 Mw 		35		35	
2004-12-26 00:58 	Indonesia  	3.287	95.972	30	9.1 Mw 		297200			231000
2007-09-12 23:49 	Indonesia 	-2.66	100.83	37.3	7.9 Mw 					
2007-09-13 03:35 	Indonesia 	-2.15	99.61	27	7.1 Mw 					
2008-07-15 03:26 	Greece  	35.983	27.785	68	6.4 Mw 					
2008-08-21 12:24 	China  	25.1	97.9		5.9 Ms 					
2008-08-30 8:30 	China  	26	101.9	10	5.7 Mw 					41
2008-10-05 15:52 	Kyrgyzstan  	39.515	73.768	27.6	6.9 Mw 					60
2008-10-06 16:30 	China  				6.4 Mw 					
2008-10-28 23:09 	Pakistan  				6.4 Mw 					215
2009-01-08 19:21 	Costa Rica  	10.3962	-84.0281	48	6.1 Mw 					34
2009-04-06 03:32 	Italy  	42.334	13.334	8.8	6.2 Mw 					295
2009-07-09 11:19 	China  				5.7 Mw 					
2009-08-10 20:07 	Japan  				6.4 Mw 					1
2009-09-02 07:55 	Indonesia  				7.0 Mw 					79
2009-09-29 17:48 	Samoa  			8.1	8.1 Mw 					189
2009-09-30 10:16 	Indonesia  				7.6 Mw 					1115
2010-01-12 17:00 	Haiti  	18.457	-72.533	13	7.0 Mw 					222517
2010-02-27 06:34 	Chile  	-35.846	-72.719	35	8.8 Mw  					521
2010-03-08 02:32 	Turkey  				6.1 Mw 					42
2010-03-11 14:39 	Chile  				6.9 Mw 					1
2010-04-14 23:49 	China  				6.9 Mw 					2698
2011-02-21 23:51 	New Zealand  				6.3 Mw 					181
2011-03-10 04:58 	China  				5.4 Mw 					
2011-03-11 14:46 	Japan  	38.322	142.369	24.4	9.0 Mw 					15894
2011-03-24 20:25 	Burma  				6.8 Mw 					150
2011-04-07 14:32 	Japan  	38.2	140	66	7.1 Mw 					
2011-09-18 12:40 	India  	27.723	88.064	19.7	6.9 Mw 					111
2011-09-23 10:41 	Turkey  	38.6	43.5	7.2	7.1 Mw 					601
