,Unnamed: 0,Origin (UTC),Country,Lat,Long,Depth (km),Magnitude,PDE Shaking Deaths,PDE Total Deaths,Utsu Total Deaths,EM-DAT Total Deaths,Other Source Deaths,MaxDeaths
0,0,27-07-76 19:42,China,39.605,117.888,16.7,7.6 Mw ,655237.0,655237.0,242800.0,242000.0,,655237.0
1,1,08-10-05 03:50,Pakistan,34.465,73.584,23.1,7.6 Mw ,87351.0,87351.0,,73338.0,,87351.0
2,2,12-05-08 06:28,China,31.002,103.322,19,7.9 Mw ,69195.0,88287.0,,87476.0,,88287.0
3,3,20-06-90 21:00,Iran,37.001,49.216,17.9,7.4 Mw ,45000.0,45000.0,35000.0,40000.0,,45000.0
4,4,26-12-03 01:56,Iran,28.95,58.268,6,6.6 Mw ,31000.0,31000.0,,26796.0,26271.0,31000.0
5,5,07-12-88 07:41,Armenia,40.919,44.118,6.7,6.7 Mw ,25000.0,25000.0,25000.0,25000.0,,25000.0
6,6,04-02-76 09:01,Guatemala,15.296,-89.145,12.3,7.5 Mw ,23000.0,23000.0,22870.0,23000.0,,23000.0
7,7,26-01-01 03:16,India,23.402,70.287,23.3,7.6 Mw ,20023.0,20023.0,20023.0,20005.0,,20023.0
8,8,17-08-99 00:01,Turkey,40.773,30.003,13.3,7.6 Mw ,17118.0,,17118.0,17127.0,45000.0,45000.0
9,9,16-09-78 15:35,Iran,33.242,57.382,8.2,7.4 Mw ,15000.0,15000.0,18220.0,25000.0,,25000.0
10,10,29-09-93 22:25,India,18.06,76.478,14.1,6.2 Mw ,9748.0,9748.0,9748.0,9748.0,,9748.0
11,11,19-09-85 13:17,Mexico,18.42,-102.38,15,8.0 Mw ,9500.0,9500.0,9500.0,9500.0,,9500.0
12,12,26-05-06 22:53,Indonesia,-7.961,110.446,12,6.4 Mw ,5749.0,5749.0,,,,5749.0
13,13,16-01-95 20:46,Japan,34.58,135.025,22,6.9 Mw ,5502.0,5530.0,6432.0,5297.0,,6432.0
14,14,28-12-74 12:11,Pakistan,35.026,72.898,12.5,6.2 Ms ,5300.0,5300.0,5300.0,,,5300.0
15,15,10-04-72 02:06,Iran,28.408,52.789,6,6.7 Mw ,5054.0,5054.0,5010.0,5057.0,,5057.0
16,16,23-12-72 06:29,Nicaragua,12.347,-86.128,7.3,6.2 Ms ,5000.0,5000.0,10000.0,10000.0,,10000.0
17,17,24-11-76 12:22,Turkey,39.082,44.031,8.9,7.0 Mw ,5000.0,5000.0,3900.0,3840.0,,5000.0
18,18,10-10-80 12:25,Algeria ,36.143,1.404,15,7.1 Mw ,5000.0,5000.0,3500.0,2633.0,,5000.0
19,19,30-05-98 06:22,Afghanistan,37.185,70.075,35.5,6.5 Mw ,4000.0,4000.0,4000.0,4700.0,,4700.0
20,20,25-07-69 22:49,China   ,21.612,111.809,3.4,5.9 Ms ,3000.0,3000.0,33.0,3000.0,,3000.0
21,21,23-11-80 18:34,Italy   ,40.788,15.31,6.9,6.9 Mw ,3000.0,4900.0,2483.0,4689.0,,4900.0
22,22,11-06-81 07:24,Iran ,29.858,57.686,17.3,6.6 Mw ,3000.0,3000.0,3000.0,2000.0,,3000.0
23,23,13-12-82 09:12,Yemen   ,14.675,44.223,7,6.2 Mw ,2800.0,2800.0,2800.0,1507.0,,2800.0
24,24,04-02-98 14:33,Afghanistan   ,37.08,70.004,17.6,5.9 Mw ,2323.0,2323.0,2323.0,2323.0,,2323.0
25,25,06-09-75 09:20,Turkey   ,38.515,40.768,39.6,6.7 Ms ,2311.0,2311.0,2370.0,2385.0,,2385.0
26,26,20-09-99 17:47,Taiwan   ,23.819,120.877,21,7.6 Mw ,2297.0,2297.0,2413.0,2264.0,2489.0,2489.0
27,27,21-05-03 18:44,Algeria   ,36.88,3.694,12,6.8 Mw ,2266.0,2266.0,,2266.0,,2266.0
28,28,01-09-68 07:27,Iran   ,34.072,58.212,8.8,6.3 Ms ,2000.0,2000.0,900.0,10000.0,,10000.0
29,29,19-10-91 21:23,India   ,30.725,78.775,9.3,6.8 Mw ,2000.0,2000.0,2000.0,1500.0,,2000.0
30,30,27-05-95 13:03,Russian Federation   ,52.604,142.823,11,7.0 Mw ,1989.0,1989.0,1989.0,1989.0,,1989.0
31,31,16-07-90 07:26,Philippines   ,15.721,121.18,24.3,7.7 Mw ,1621.0,1621.0,2430.0,2412.0,,2430.0
32,32,10-05-97 07:57,Iran   ,33.848,59.81,12.6,7.2 Mw ,1572.0,1572.0,1572.0,1568.0,,1572.0
33,33,28-07-81 17:22,Iran ,29.976,57.767,13.6,7.2 Mw ,1500.0,1500.0,1500.0,1200.0,,1500.0
34,34,30-10-83 04:12,Turkey   ,40.327,42.176,15,6.6 Mw ,1342.0,1342.0,1400.0,1346.0,,1400.0
35,35,28-03-05 16:09,Indonesia   ,2.069,97.097,22,8.6 Mw ,1303.0,1313.0,,915.0,,1313.0
36,36,25-01-99 18:19,Colombia   ,4.444,-75.659,17,6.1 Mw ,1185.0,1885.0,1900.0,1186.0,,1900.0
37,37,28-02-97 12:57,Iran   ,38.108,48.069,9.7,6.1 Mw ,1100.0,1100.0,1100.0,1100.0,,1100.0
38,38,28-03-70 21:02,Turkey   ,39.172,29.55,24.2,7.4 Muk ,1086.0,1086.0,1086.0,1086.0,,1086.0
39,39,22-05-71 16:44,Turkey   ,38.868,40.542,3.6,6.7 Ms ,1000.0,1000.0,995.0,878.0,,1000.0
40,40,06-03-87 04:10,Ecuador ,0.082,-77.787,17.1,7.1 Mw ,1000.0,5000.0,5000.0,,,5000.0
41,41,25-03-02 14:56,Afghanistan   ,36.051,69.21,10.5,6.1 Mw ,1000.0,1000.0,1000.0,1000.0,,1000.0
42,42,20-08-88 23:09,Nepal   ,26.763,86.618,57,6.8 Mw ,998.0,998.0,1450.0,709.0,,1450.0
43,43,10-10-86 17:49,El Salvador   ,13.791,-89.165,10.9,7.3 Mw ,950.0,1000.0,1500.0,1100.0,,1500.0
44,44,06-05-76 20:00,Italy   ,46.385,13.266,20.7,6.5 Mw ,900.0,900.0,965.0,922.0,,965.0
45,45,12-11-99 16:57,Turkey   ,40.803,31.219,12.8,7.2 Mw ,894.0,894.0,894.0,845.0,,894.0
46,46,06-11-88 13:03,China ,22.909,99.681,6.5,7.0 Mw ,730.0,730.0,748.0,,,748.0
47,47,24-02-04 02:27,Morocco   ,35.184,-3.985,8,6.3 Mw ,631.0,631.0,,628.0,,631.0
48,48,22-02-05 02:25,Iran   ,30.691,56.794,7,6.4 Mw ,612.0,612.0,,612.0,,612.0
49,49,28-08-73 09:50,Mexico   ,18.233,-96.608,80.6,7.2 Muk ,600.0,600.0,600.0,500.0,,600.0
50,50,12-12-79 07:59,Colombia ,1.603,-79.363,23.6,8.1 Mw ,600.0,600.0,600.0,300.0,,600.0
51,51,19-12-77 23:34,Iran ,30.911,56.413,11.6,5.9 Mw ,584.0,584.0,665.0,589.0,,665.0
52,52,14-07-76 07:13,Indonesia ,-8.228,114.774,24.8,6.5 Mw ,563.0,563.0,563.0,573.0,,573.0
53,53,12-10-92 13:09,Egypt   ,29.714,31.144,22,5.8 Mw ,552.0,552.0,552.0,552.0,,552.0
54,54,15-08-07 23:40,Peru   ,-13.38,-76.61,39,8.0 Mw ,514.0,514.0,,519.0,,519.0
55,55,13-03-92 17:18,Turkey   ,39.727,39.651,7,6.6 Mw ,498.0,,652.0,653.0,,653.0
56,56,16-12-82 00:40,Afghanistan ,36.136,68.933,35.5,6.4 Mw ,450.0,450.0,500.0,500.0,,500.0
57,57,22-12-83 04:11,Guinea ,11.862,-13.511,7.8,6.3 Mw ,443.0,643.0,643.0,275.0,,643.0
58,58,25-06-76 19:18,Indonesia   ,-4.531,140.109,15,7.1 Mw ,422.0,7422.0,6000.0,420.0,,7422.0
59,59,06-04-77 13:36,Iran ,31.954,50.643,9.4,6.0 Mw ,348.0,348.0,366.0,352.0,,366.0
60,60,03-02-96 11:14,China   ,27.271,100.262,12.2,6.6 Mw ,322.0,322.0,309.0,309.0,,322.0
61,61,13-02-01 14:22,El Salvador   ,13.6,-89.001,11,6.6 Mw ,315.0,315.0,315.0,315.0,,315.0
62,62,19-01-81 15:11,Indonesia   ,-4.513,139.283,20,6.6 Mw ,305.0,1305.0,1300.0,,,1305.0
63,63,24-10-80 14:53,Mexico   ,18.175,-98.235,64.3,7.1 Mw ,300.0,300.0,65.0,65.0,,300.0
64,64,31-03-83 13:12,Colombia   ,2.439,-76.659,30.1,5.6 Mw ,300.0,300.0,241.0,250.0,,300.0
65,65,06-06-94 20:47,Colombia   ,2.908,-75.971,12,6.8 Mw ,295.0,795.0,800.0,,,800.0
66,66,14-11-79 02:21,Iran ,33.956,59.726,9.1,6.5 Mw ,280.0,280.0,280.0,350.0,,350.0
67,67,13-01-01 17:33,El Salvador   ,13.076,-88.702,38,7.6 Mw ,267.0,852.0,852.0,844.0,,852.0
68,68,22-06-02 02:58,Iran ,35.597,49.02,11,6.5 Mw ,261.0,261.0,227.0,227.0,,261.0
69,69,24-02-03 02:03,China   ,39.515,77.204,14,6.3 Mw ,261.0,261.0,,268.0,,268.0
70,70,12-09-81 07:15,Pakistan ,35.685,73.597,14.7,6.1 Mw ,220.0,220.0,229.0,250.0,,250.0
71,71,16-01-79 09:50,Iran ,33.909,59.471,9.9,6.5 Mw ,200.0,200.0,200.0,,,200.0
72,72,12-07-93 13:17,Japan   ,42.892,139.247,17,7.7 Mw ,200.0,243.0,230.0,239.0,,243.0
73,73,29-07-80 14:58,Nepal ,29.623,81.103,14.4,6.5 Mw ,188.0,188.0,100.0,100.0,,188.0
74,74,03-03-85 22:47,Chile   ,-33.132,-71.762,40,7.9 Mw ,177.0,177.0,177.0,180.0,,180.0
75,75,01-05-03 00:27,Turkey   ,38.97,40.458,14,6.3 Mw ,177.0,177.0,,177.0,,177.0
76,76,30-07-70 00:52,Iran ,37.836,55.887,10.9,6.6 Ms ,176.0,176.0,220.0,176.0,,220.0
77,77,21-03-77 21:18,Iran ,27.583,56.363,12,6.7 Mw ,167.0,167.0,167.0,167.0,,167.0
78,78,18-08-94 01:13,Algeria ,35.464,-0.084,9,5.8 Mw ,159.0,159.0,159.0,171.0,,171.0
79,79,15-04-79 06:19,Montenegro   ,41.999,19.156,15,6.9 Mw ,156.0,156.0,129.0,121.0,,156.0
80,80,23-01-81 21:13,China   ,30.956,101.168,10.9,6.5 Mw ,150.0,150.0,126.0,150.0,,150.0
81,81,27-06-98 13:55,Turkey   ,36.903,35.325,16,6.3 Mw ,145.0,145.0,145.0,,,145.0
82,82,07-09-99 11:56,Greece   ,38.119,23.598,10,6.0 Mw ,143.0,143.0,143.0,143.0,,143.0
83,83,01-10-69 05:05,Peru ,-11.835,-75.195,6.5,6.2 Ms ,136.0,136.0,136.0,150.0,,150.0
84,84,30-05-90 02:34,Peru ,-6.022,-77.197,24,6.5 Mw ,135.0,135.0,135.0,,,135.0
85,85,29-10-76 02:51,Indonesia ,-4.475,139.991,15,6.8 Mw ,133.0,133.0,6000.0,,,6000.0
86,86,26-04-90 09:37,China ,36.059,100.278,9.3,6.4 Mw ,126.0,126.0,,,,126.0
87,87,29-04-91 09:12,Georgia   ,42.426,43.667,13.4,7.0 Mw ,114.0,184.0,184.0,270.0,,270.0
88,88,17-02-96 05:59,Indonesia   ,-0.918,136.973,35.8,8.2 Mw ,108.0,166.0,166.0,166.0,,166.0
89,89,22-05-98 04:48,Bolivia ,-17.783,-65.401,24,6.6 Mw ,105.0,105.0,105.0,95.0,,105.0
90,90,26-05-83 02:59,Japan ,40.473,139.091,17,7.7 Mw ,104.0,107.0,104.0,102.0,,107.0
91,91,04-06-00 16:28,Indonesia ,-4.76,102.031,33.8,7.9 Mw ,103.0,103.0,103.0,103.0,,103.0
92,92,01-10-95 15:57,Turkey ,38.077,30.143,31,6.4 Mw ,101.0,101.0,101.0,94.0,,101.0
93,93,12-05-71 06:25,Turkey ,37.555,29.746,28.8,5.9 Ms ,100.0,100.0,57.0,,,100.0
94,94,03-09-72 16:48,Pakistan ,35.949,73.321,32.9,6.2 Ms ,100.0,100.0,100.0,,,100.0
95,95,04-02-97 10:37,Iran ,37.724,57.305,15,6.5 Mw ,100.0,100.0,100.0,100.0,,100.0
96,96,28-03-99 19:05,India   ,30.475,79.401,10.7,6.5 Mw ,100.0,100.0,100.0,100.0,,100.0
97,97,06-10-95 18:09,Indonesia ,-2.007,101.45,36.6,6.7 Mw ,84.0,84.0,84.0,84.0,,84.0
98,98,09-07-71 03:03,Chile ,-32.558,-71.085,59,7.8 Mw ,83.0,83.0,83.0,85.0,,85.0
99,99,10-12-70 04:34,Peru ,-4.079,-80.662,20.1,7.1 Mw ,81.0,81.0,81.0,29.0,,81.0
100,100,23-10-95 22:46,China ,25.947,102.22,14.7,6.2 Mw ,81.0,81.0,53.0,46.0,,81.0
101,101,09-07-97 19:24,Venezuela ,10.45,-63.532,10,6.9 Mw ,81.0,81.0,81.0,80.0,,81.0
102,102,03-10-74 14:21,Peru ,-12.254,-77.523,33.5,8.1 Mw ,78.0,78.0,78.0,,,78.0
103,103,14-11-94 19:15,Philippines ,13.543,121.059,32,7.1 Mw ,78.0,78.0,78.0,81.0,,81.0
104,104,14-12-78 07:05,Iran ,32.128,49.634,18.9,6.1 Mw ,76.0,76.0,76.0,45.0,,76.0
105,105,22-04-91 21:56,Costa Rica ,9.673,-83.072,12.9,7.6 Mw ,75.0,75.0,75.0,47.0,,75.0
106,106,23-08-85 12:41,China   ,39.447,75.264,4.3,6.9 Mw ,71.0,71.0,67.0,67.0,,71.0
107,107,23-11-77 09:26,Argentina   ,-31.082,-67.78,19.5,7.4 Mw ,70.0,70.0,70.0,,,70.0
108,108,10-01-98 03:50,China ,41.137,114.523,5,5.7 Mw ,70.0,70.0,49.0,49.0,,70.0
109,109,11-02-99 14:08,Afghanistan ,34.323,69.165,25.5,6.0 Mw ,70.0,70.0,70.0,70.0,,70.0
110,110,31-03-06 01:17,Iran   ,33.5,48.78,7,6.1 Mw ,70.0,70.0,,63.0,,70.0
111,111,06-03-07 03:49,Indonesia   ,-0.48,100.47,19.3,6.4 Mw ,67.0,67.0,,67.0,,67.0
112,112,09-02-71 14:00,United States   ,34.401,-118.392,6.4,6.7 Muk ,65.0,65.0,58.0,65.0,,65.0
113,113,18-10-89 00:04,United States   ,37.11,-121.764,16,6.9 Mw ,62.0,62.0,63.0,62.0,,63.0
114,114,19-08-92 02:04,Kyrgyzstan ,42.111,73.588,17.1,7.2 Mw ,61.0,75.0,75.0,54.0,,75.0
115,115,01-01-80 16:42,Portugal   ,38.726,-27.751,12.2,6.9 Mw ,60.0,60.0,56.0,69.0,,69.0
116,116,17-01-94 12:30,United States   ,34.164,-118.563,19,6.7 Mw ,60.0,60.0,60.0,,33.0,60.0
117,117,27-02-97 21:08,Pakistan   ,29.979,68.165,34.9,7.1 Mw ,60.0,60.0,57.0,50.0,,60.0
118,118,28-03-69 01:48,Turkey ,38.535,28.467,9.3,6.4 Ms ,53.0,53.0,53.0,41.0,,53.0
119,119,05-04-91 04:19,Peru ,-5.977,-77.081,20,6.9 Mw ,53.0,53.0,53.0,,,53.0
120,120,23-11-79 23:40,Colombia ,4.793,-76.19,107.7,7.2 Mw ,52.0,52.0,52.0,60.0,,60.0
121,121,20-06-78 20:03,Greece   ,40.76,23.303,7.4,6.5 Mw ,50.0,50.0,50.0,,,50.0
122,122,12-04-02 04:00,Afghanistan ,35.988,69.296,7.8,5.8 Mw ,50.0,50.0,50.0,50.0,,50.0
123,123,19-03-76 13:03,Afghanistan ,36.587,67.758,18.2,5.6 mb ,49.0,49.0,49.0,50.0,,50.0
124,124,09-10-95 15:35,Mexico   ,19.053,-104.208,26.4,8.0 Mw ,49.0,49.0,58.0,,,58.0
125,125,23-06-01 20:33,Peru   ,-16.385,-73.505,33.7,8.4 Mw ,48.0,138.0,139.0,145.0,,145.0
126,126,19-01-75 08:02,India   ,32.373,78.474,5,6.8 Ms ,47.0,47.0,47.0,47.0,,47.0
127,127,04-05-00 04:21,Indonesia ,-1.14,123.522,26,7.5 Mw ,46.0,46.0,46.0,45.0,,46.0
128,128,03-02-02 07:11,Turkey ,38.527,31.227,5,6.5 Mw ,44.0,44.0,44.0,42.0,,44.0
129,129,03-02-08 07:34,Democratic Republic of the Congo   ,-2.296,28.9,10,5.9 Mw ,44.0,44.0,,43.0,,44.0
130,130,19-06-82 06:21,El Salvador   ,13.337,-89.313,72.8,7.3 Mw ,43.0,43.0,43.0,,,43.0
131,131,08-02-95 18:40,Colombia ,4.052,-76.589,74,6.3 Mw ,42.0,42.0,42.0,40.0,,42.0
132,132,09-07-79 10:57,China ,31.472,119.27,12.6,5.4 Mw ,41.0,41.0,42.0,,,42.0
133,133,29-11-98 14:10,Indonesia ,-1.939,124.818,16,7.7 Mw ,41.0,41.0,41.0,,,41.0
134,134,23-10-04 08:56,Japan   ,37.23,138.801,16,6.6 Mw ,40.0,40.0,,40.0,68.0,68.0
135,135,21-05-97 22:51,India   ,23.072,80.083,36,5.8 Mw ,38.0,38.0,38.0,43.0,,43.0
136,136,30-05-79 09:38,Indonesia ,-8.345,115.864,20,6.2 Mw ,37.0,37.0,22.0,34.0,,37.0
137,137,26-11-87 01:43,Indonesia ,-8.259,124.149,27.3,6.5 Mw ,37.0,37.0,83.0,125.0,,125.0
138,138,05-02-04 21:05,Indonesia ,-3.661,135.597,23,7.0 Mw ,37.0,37.0,,37.0,,37.0
139,139,20-05-92 12:20,Pakistan ,33.318,71.272,12.9,6.0 Mw ,36.0,36.0,36.0,36.0,,36.0
140,140,06-11-83 21:09,China ,35.223,115.204,32.1,5.5 Mw ,34.0,34.0,45.0,34.0,,45.0
141,141,11-11-04 21:26,Indonesia ,-8.166,124.764,13,7.5 Mw ,34.0,34.0,,33.0,,34.0
142,142,26-11-04 02:25,Indonesia ,-3.615,135.45,24,7.1 Mw ,32.0,32.0,,32.0,,32.0
143,143,25-03-77 02:39,Turkey ,38.647,40.057,17.4,5.3 Mw ,30.0,30.0,30.0,30.0,,30.0
144,144,02-11-79 15:53,Indonesia ,-7.746,108.165,72.1,6.5 Mw ,30.0,30.0,23.0,26.0,,30.0
145,145,25-03-83 11:57,Iran ,36.042,52.295,14.6,5.4 Mw ,30.0,30.0,100.0,30.0,,100.0
146,146,29-10-89 19:09,Algeria ,36.706,2.441,6,5.9 Mw ,30.0,30.0,35.0,22.0,,35.0
147,147,13-10-85 15:59,Tajikistan ,40.337,69.81,15.9,5.8 Mw ,29.0,29.0,,29.0,,29.0
148,148,18-10-89 14:57,China ,39.959,113.94,5.6,5.4 Mw ,29.0,29.0,29.0,29.0,,29.0
149,149,31-10-02 10:33,Italy   ,41.738,14.852,5.7,5.7 Mw ,29.0,29.0,29.0,30.0,,30.0
150,150,22-01-03 02:06,Mexico   ,18.9,-104.063,24,7.5 Mw ,29.0,29.0,,29.0,,29.0
151,151,08-05-74 23:33,Japan ,34.57,138.771,11.3,6.7 Muk ,27.0,27.0,30.0,30.0,,30.0
152,152,17-12-79 19:58,Indonesia ,-8.487,115.753,15,6.5 Mw ,27.0,27.0,32.0,32.0,,32.0
153,153,28-03-96 23:03,Ecuador ,-1.031,-78.659,9,5.9 Mw ,27.0,27.0,,27.0,,27.0
154,154,14-04-73 08:34,Costa Rica ,10.673,-84.86,30.3,6.5 Ms ,26.0,26.0,26.0,,,26.0
155,155,19-12-80 01:16,Iran ,34.472,50.643,12.7,6.2 Mw ,26.0,26.0,26.0,20.0,,26.0
156,156,30-12-83 23:52,Afghanistan ,36.405,70.677,215.9,7.4 Mw ,26.0,26.0,12.0,24.0,,26.0
157,157,15-06-95 00:15,Greece ,38.444,22.309,14,6.2 Mw ,26.0,26.0,26.0,26.0,,26.0
158,158,06-05-99 23:00,Iran ,29.519,51.907,16.3,6.2 Mw ,26.0,26.0,26.0,20.0,,26.0
159,159,03-09-68 08:19,Turkey ,41.771,32.452,4.9,5.7 mb ,25.0,25.0,29.0,29.0,,29.0
160,160,18-09-91 09:48,Guatemala ,14.604,-90.932,10.6,6.2 Mw ,25.0,25.0,25.0,14.0,,25.0
161,161,12-09-07 11:10,Indonesia ,-4.44,101.37,34,8.5 Mw ,25.0,25.0,,,,25.0
162,162,29-03-69 09:15,Ethiopia ,11.939,41.219,12,6.3 Ms ,24.0,24.0,40.0,24.0,,40.0
163,163,13-09-84 23:48,Japan   ,35.801,137.466,1.1,6.2 Mw ,24.0,24.0,29.0,20.0,,29.0
164,164,19-03-96 15:00,China ,40.043,76.621,18.9,6.3 Mw ,24.0,24.0,24.0,26.0,,26.0
165,165,22-12-99 17:36,Algeria ,35.21,-1.316,2.3,5.6 Mw ,24.0,24.0,24.0,22.0,,24.0
166,166,18-04-85 05:52,China   ,25.891,102.885,4.1,5.7 Mw ,23.0,23.0,22.0,,,23.0
167,167,04-07-91 11:43,Indonesia   ,-8.146,124.587,29,6.7 Mw ,23.0,23.0,23.0,28.0,,28.0
168,168,21-11-97 11:23,India   ,22.26,92.715,54,6.1 Mw ,23.0,23.0,23.0,23.0,,23.0
169,169,12-06-78 08:14,Japan   ,38.224,142.009,53.3,7.6 Mw ,22.0,22.0,,,,22.0
170,170,06-11-90 18:45,Iran ,28.242,55.457,11.1,6.6 Mw ,22.0,22.0,22.0,21.0,,22.0
171,171,14-01-78 03:24,Japan ,34.803,139.294,10.7,6.6 Mw ,21.0,25.0,25.0,21.0,,25.0
172,172,30-12-84 23:33,India ,24.684,92.864,3.4,6.0 Mw ,20.0,20.0,,20.0,,20.0
173,173,13-09-86 17:24,Greece ,37.072,22.176,21.7,6.0 Mw ,20.0,20.0,21.0,20.0,,21.0
174,174,21-06-90 09:02,Iran ,36.631,49.785,12.4,5.7 Mw ,20.0,20.0,20.0,,,20.0
175,175,24-07-91 09:45,Iraq ,36.598,44.061,20,5.5 Mw ,20.0,20.0,20.0,,,20.0
176,176,13-12-90 00:24,Italy ,37.286,15.402,12.1,5.6 Mw ,19.0,19.0,12.0,19.0,,19.0
177,177,20-11-02 21:32,Pakistan ,35.337,74.556,14.8,6.3 Mw ,19.0,19.0,19.0,19.0,,19.0
178,178,16-02-79 10:08,Peru ,-16.537,-72.553,55.1,7.1 Mw ,18.0,18.0,18.0,13.0,,18.0
179,179,03-05-96 03:32,China ,40.777,109.713,24.5,6.0 Mw ,18.0,18.0,26.0,18.0,,26.0
180,180,28-09-97 01:38,Indonesia ,-3.773,119.658,13,5.8 Mw ,18.0,18.0,17.0,20.0,,20.0
181,181,01-07-04 22:30,Turkey ,39.735,43.908,27.1,5.1 Mw ,18.0,18.0,,18.0,,18.0
182,182,30-01-73 21:01,Mexico ,18.455,-102.96,37.2,7.5 Ms ,17.0,17.0,56.0,17.0,,56.0
183,183,07-11-76 04:00,Iran ,33.82,59.18,6.5,6.0 Mw ,17.0,17.0,17.0,16.0,,17.0
184,184,27-11-79 17:10,Iran ,34.056,59.754,7.4,7.0 Mw ,17.0,17.0,17.0,16.0,,17.0
185,185,24-02-81 20:53,Greece ,38.159,22.976,16.2,6.7 Mw ,16.0,16.0,21.0,22.0,,22.0
186,186,17-08-83 12:17,Philippines ,18.206,120.785,29,6.6 Mw ,16.0,16.0,24.0,19.0,,24.0
187,187,05-04-86 20:14,Peru ,-13.402,-71.757,49,5.2 Mw ,16.0,16.0,16.0,15.0,,16.0
188,188,15-06-99 20:42,Mexico  ,18.381,-97.445,63,6.9 Mw ,16.0,20.0,17.0,15.0,,20.0
189,189,03-03-02 12:08,Afghanistan  ,36.508,70.503,204,7.3 Mw ,16.0,166.0,166.0,150.0,,166.0
190,190,21-07-03 15:16,China ,25.958,101.26,35,5.9 Mw ,16.0,16.0,16.0,16.0,,16.0
191,191,26-11-05 00:49,China  ,29.714,115.663,10.5,5.2 Mw ,16.0,16.0,,,,16.0
192,192,25-09-68 10:38,Mexico ,15.551,-92.66,122.4,5.8 mb ,15.0,15.0,48.0,15.0,,48.0
193,193,31-10-70 17:53,Papua New Guinea  ,-4.907,145.471,8.1,7.3 Muk ,15.0,15.0,5.0,15.0,,15.0
194,194,17-03-73 08:30,Philippines ,13.415,122.804,44.3,7.5 Muk ,15.0,15.0,15.0,14.0,,15.0
195,195,12-09-79 05:17,Indonesia ,-1.682,135.974,17.6,7.5 Mw ,15.0,15.0,15.0,2.0,,15.0
196,196,23-08-80 21:36,India ,32.922,75.693,14.5,5.5 Mw ,15.0,15.0,15.0,13.0,,15.0
197,197,18-10-81 04:31,Colombia ,8.111,-72.501,39.3,5.9 Mw ,15.0,15.0,15.0,10.0,,15.0
198,198,05-05-86 03:35,Turkey ,37.999,37.781,4.1,6.0 Mw ,15.0,15.0,15.0,15.0,,15.0
199,199,14-11-86 21:20,Taiwan ,23.974,121.727,34,7.3 Mw ,15.0,15.0,13.0,,,15.0
200,200,19-03-97 19:57,Pakistan ,34.79,71.523,15,4.9 mb ,15.0,15.0,15.0,,,15.0
201,201,30-09-99 16:31,Mexico  ,16.055,-96.905,40,7.4 Mw ,15.0,15.0,35.0,31.0,,35.0
202,202,05-03-02 21:16,Philippines ,6.028,124.218,31,7.5 Mw ,15.0,15.0,15.0,15.0,,15.0
203,203,26-10-69 15:36,Bosnia and Herzegovina ,44.807,17.353,15,5.6 Ms ,14.0,14.0,20.0,15.0,,20.0
204,204,07-04-70 05:34,Philippines ,15.772,121.659,28.3,7.2 Mw ,14.0,14.0,15.0,14.0,,15.0
205,205,21-07-95 22:44,China ,36.436,103.166,7.4,5.6 Mw ,14.0,14.0,14.0,14.0,,14.0
206,206,12-11-96 16:59,Peru ,-14.959,-75.562,21,7.7 Mw ,14.0,14.0,15.0,14.0,,15.0
207,207,28-02-69 02:40,Portugal  ,35.923,-10.568,32.5,7.8 Mw ,13.0,13.0,13.0,,,13.0
208,208,25-12-82 12:28,Indonesia ,-8.43,122.97,6.7,5.9 Mw ,13.0,13.0,13.0,13.0,,13.0
209,209,30-05-90 10:40,Romania ,45.855,26.649,89,6.9 Mw ,13.0,14.0,14.0,22.0,,22.0
210,210,27-11-05 10:22,"Iran, 2005 Qeshm earthquake ",26.786,55.833,18.4,5.9 Mw ,13.0,13.0,,13.0,,13.0
211,211,13-06-08 23:43,Japan  ,39.03,140.881,7,6.9 Mw ,13.0,13.0,,13.0,,13.0
212,212,29-09-69 20:03,South Africa ,-33.19,19.336,15,6.3 Ms ,12.0,12.0,12.0,9.0,,12.0
213,213,27-12-89 23:26,Australia  ,-33.02,151.602,9.7,5.5 Md ,12.0,12.0,9.0,,,12.0
214,214,23-07-91 19:44,Peru ,-15.707,-71.721,24.2,5.2 Mw ,12.0,92.0,92.0,11.0,,92.0
215,215,21-01-97 01:48,China  ,39.536,76.879,15,5.9 Mw ,12.0,12.0,12.0,12.0,,12.0
216,216,10-04-98 15:00,Iran ,32.447,60.063,7,5.7 Mw ,12.0,12.0,12.0,,,12.0
217,217,24-06-72 15:29,Afghanistan ,36.255,69.684,31.1,6.1 Ms ,11.0,11.0,11.0,,,11.0
218,218,13-07-74 01:18,Panama ,7.737,-77.631,3.8,7.3 Ms ,11.0,11.0,11.0,,,11.0
219,219,15-09-76 03:15,Italy  ,46.314,13.206,0.9,6.0 Mw ,11.0,11.0,11.0,,,11.0
220,220,15-04-89 20:34,China ,29.955,99.202,13.8,6.4 Mw ,11.0,11.0,8.0,8.0,,11.0
221,221,04-03-90 19:46,Pakistan ,28.906,66.354,8.3,6.0 Mw ,11.0,11.0,11.0,11.0,,11.0
222,222,25-10-90 04:53,Afghanistan ,35.09,70.429,110.2,5.8 Mw ,11.0,11.0,11.0,,,11.0
223,223,11-07-95 21:46,Burma ,21.948,99.103,9.2,6.8 Mw ,11.0,11.0,11.0,11.0,,11.0
224,224,26-09-97 09:40,Italy  ,43.078,12.781,6,6.0 Mw ,11.0,11.0,11.0,14.0,,14.0
225,225,06-12-00 17:11,Turkmenistan ,39.532,54.801,30.6,7.0 Mw ,11.0,11.0,11.0,11.0,,11.0
226,226,01-11-02 22:09,Pakistan ,35.393,74.627,27.5,5.3 Mw ,11.0,11.0,,17.0,,17.0
227,227,01-12-03 01:38,Kazakhstan ,42.885,80.546,17,6.0 Mw ,11.0,11.0,11.0,11.0,,11.0
228,228,05-01-74 08:33,Peru ,-12.351,-76.307,91.9,6.6 Muk ,10.0,10.0,10.0,,,10.0
229,229,15-06-82 23:24,China ,31.871,99.872,10.3,5.6 Mw ,10.0,10.0,11.0,10.0,,11.0
230,230,15-09-85 02:42,Indonesia ,-4.064,136.093,4.2,6.3 Mw ,10.0,10.0,10.0,10.0,,10.0
231,231,22-11-91 00:40,Yemen ,13.887,44.068,10,4.7 mb ,10.0,10.0,11.0,10.0,,11.0
232,232,09-07-98 05:19,Portugal ,38.621,-28.566,9,6.1 Mw ,10.0,10.0,10.0,10.0,,10.0
233,233,14-02-04 10:30,Pakistan ,34.751,73.178,11,5.4 Mw ,10.0,24.0,,24.0,,24.0
234,234,25-03-04 19:30,Turkey ,39.804,40.721,56.3,5.6 Mw ,10.0,10.0,,9.0,,10.0
235,235,06-10-76 09:12,Ecuador ,-0.726,-78.732,4.7,5.7 mb ,9.0,9.0,9.0,,,9.0
236,236,29-11-78 19:52,Mexico ,16.011,-96.603,24.8,7.8 Mw ,9.0,9.0,9.0,9.0,,9.0
237,237,07-06-82 10:59,Mexico ,16.518,-98.347,18.9,6.9 Mw ,9.0,9.0,9.0,,,9.0
238,238,10-03-89 21:49,Malawi  ,-13.708,34.485,30,6.3 Mw ,9.0,9.0,9.0,,,9.0
239,239,22-11-95 04:15,Egypt  ,28.762,34.808,14,7.2 Mw ,9.0,10.0,10.0,10.0,,10.0
240,240,11-04-97 05:34,China ,39.536,76.892,20,6.1 Mw ,9.0,9.0,9.0,9.0,,9.0
241,241,27-05-03 17:11,Algeria ,36.865,3.592,8,5.7 Mw ,9.0,9.0,,9.0,,9.0
242,242,25-10-03 12:41,China ,38.386,100.978,12,5.8 Mw ,9.0,9.0,9.0,9.0,,9.0
243,243,16-07-07 01:13,Japan  ,37.52,138.46,12,6.6 Mw ,9.0,9.0,,9.0,,9.0
244,244,09-04-76 07:08,Ecuador ,0.85,-79.564,17,6.6 Mw ,8.0,8.0,8.0,10.0,,10.0
245,245,15-12-79 00:02,Indonesia ,-3.339,102.567,13,6.5 Mw ,8.0,8.0,8.0,5.0,,8.0
246,246,18-08-80 15:07,Ecuador ,-1.987,-80.002,55.9,5.9 Mw ,8.0,8.0,8.0,8.0,,8.0
247,247,18-04-81 00:32,Peru ,-13.116,-74.373,40.8,5.5 Mw ,8.0,8.0,8.0,8.0,,8.0
248,248,01-10-87 14:42,United States  ,34.061,-118.135,14.4,5.9 Mw ,8.0,8.0,8.0,8.0,,8.0
249,249,15-06-91 00:59,Georgia ,42.406,44.011,6,6.2 Mw ,8.0,8.0,8.0,8.0,,8.0
250,250,11-09-92 03:57,Democratic Republic of the Congo ,-6.151,26.66,11,6.3 Mw ,8.0,8.0,8.0,9.0,,9.0
251,251,04-03-95 23:23,Colombia ,1.282,-77.307,5,4.4 mb ,8.0,8.0,8.0,8.0,,8.0
252,252,01-01-96 08:05,Indonesia ,0.714,119.905,24,7.9 Mw ,8.0,9.0,10.0,9.0,,10.0
253,253,10-10-02 10:50,Indonesia ,-1.7,134.23,16,7.5 Mw ,8.0,8.0,8.0,8.0,,8.0
254,254,20-11-04 08:07,Costa Rica ,9.623,-84.165,16,6.4 Mw ,8.0,8.0,,8.0,,8.0
255,255,25-05-08 08:21,China ,32.56,105.423,18,6.1 Mw ,8.0,8.0,,,,8.0
256,256,20-03-72 07:33,Peru ,-6.81,-76.78,49.8,6.9 Muk ,7.0,7.0,7.0,,,7.0
257,257,07-03-75 07:04,Iran ,27.477,56.224,11,6.1 Ms ,7.0,7.0,7.0,,,7.0
258,258,12-11-80 06:58,Peru ,-13.347,-74.545,71,4.9 mb ,7.0,7.0,7.0,,,7.0
259,259,21-01-94 02:24,Indonesia ,1.043,127.773,20,6.9 Mw ,7.0,7.0,7.0,7.0,,7.0
260,260,19-01-95 15:05,Colombia ,5.044,-72.936,17,6.5 Mw ,7.0,7.0,7.0,7.0,,7.0
261,261,15-10-97 01:03,Chile  ,-30.878,-71.167,58,7.1 Mw ,7.0,8.0,8.0,8.0,,8.0
262,262,14-01-00 23:37,China  ,25.567,101.071,24.9,5.9 Mw ,7.0,7.0,7.0,,,7.0
263,263,06-07-00 19:30,Nicaragua ,11.928,-86.066,15,5.4 Mw ,7.0,7.0,7.0,7.0,,7.0
264,264,17-12-06 21:39,Indonesia ,0.626,99.859,30,5.8 Mw ,7.0,7.0,,,,7.0
265,265,17-05-76 02:58,Uzbekistan ,40.373,63.428,14.8,6.7 Mw ,6.0,6.0,6.0,0.0,,6.0
266,266,22-06-81 17:53,Peru ,-13.185,-74.463,15.6,5.8 Mw ,6.0,6.0,6.0,,,6.0
267,267,12-12-81 20:26,Pakistan ,29.912,67.08,35,4.6 mb ,6.0,6.0,6.0,,,6.0
268,268,26-01-85 03:06,Argentina  ,-33.109,-68.593,19.2,5.9 Mw ,6.0,6.0,6.0,6.0,,6.0
269,269,24-04-85 01:07,Philippines ,16.541,120.812,5.3,6.1 Mw ,6.0,6.0,6.0,,,6.0
270,270,27-10-85 19:34,Algeria ,36.386,6.846,30.4,5.8 Mw ,6.0,6.0,5.0,30.0,,30.0
271,271,26-04-86 07:35,India ,32.118,76.397,10.2,5.5 Mw ,6.0,6.0,6.0,6.0,,6.0
272,272,17-06-90 04:51,Pakistan ,27.39,65.665,13.7,6.1 Mw ,6.0,6.0,,0.0,,6.0
273,273,04-03-92 11:57,Iran ,31.605,50.758,25,5.1 Mw ,6.0,6.0,6.0,5.0,,6.0
274,274,23-02-94 08:02,Iran ,30.788,60.532,7,6.1 Mw ,6.0,6.0,6.0,9.0,,9.0
275,275,22-07-99 10:42,Bangladesh ,21.658,91.933,25,5.2 mb ,6.0,6.0,6.0,6.0,,6.0
276,276,13-09-99 11:55,Turkey ,40.736,30.089,13,5.8 Mw ,6.0,7.0,6.0,6.0,,7.0
277,277,15-12-00 16:44,Turkey ,38.451,31.265,12,6.0 Mw ,6.0,6.0,6.0,,,6.0
278,278,01-03-04 23:55,Turkey ,38.058,38.277,5,3.8 Md ,6.0,6.0,,,,6.0
279,279,05-12-05 12:19,Tanzania  ,-6.246,29.789,20,6.8 Mw ,6.0,6.0,,6.0,,6.0
280,280,15-10-71 10:33,Peru ,-14.183,-73.399,80,5.7 mb ,5.0,5.0,14.0,,,14.0
281,281,15-05-76 21:55,Peru ,-11.66,-74.419,19,6.7 Mw ,5.0,5.0,5.0,,,5.0
282,282,11-09-76 16:31,Italy ,46.339,13.181,4.2,5.5 Ms ,5.0,5.0,5.0,,,5.0
283,283,15-04-78 23:33,Italy ,38.381,15.073,17,6.0 Mw ,5.0,5.0,5.0,,,5.0
284,284,29-07-78 14:37,Guatemala ,14.758,-90.99,15,4.9 mb ,5.0,5.0,17.0,,,17.0
285,285,14-03-79 11:07,Mexico ,17.758,-101.221,24.7,7.4 Mw ,5.0,5.0,15.0,5.0,,15.0
286,286,19-09-79 21:35,Italy ,42.773,13.01,15,5.8 Mw ,5.0,5.0,5.0,5.0,,5.0
287,287,05-07-83 12:01,Turkey  ,40.309,27.254,2.6,6.1 Mw ,5.0,5.0,5.0,,,5.0
288,288,04-10-83 18:52,Chile ,-26.539,-70.502,23.9,7.6 Mw ,5.0,5.0,5.0,,,5.0
289,289,24-06-84 18:18,Dominican Republic ,18.039,-69.233,24.8,5.2 Mw ,5.0,5.0,,,,5.0
290,290,29-07-85 07:54,Afghanistan ,36.165,70.857,100.1,7.4 Mw ,5.0,5.0,5.0,5.0,,5.0
291,291,08-08-87 15:48,Chile ,-19.092,-70.005,70.7,7.2 Mw ,5.0,5.0,5.0,5.0,,5.0
292,292,03-11-88 14:47,Guatemala ,13.908,-90.501,75.2,6.6 Mw ,5.0,5.0,5.0,5.0,,5.0
293,293,12-03-93 14:01,Wallis and Futuna ,-14.409,-178.162,10,6.3 Mw ,5.0,5.0,5.0,5.0,,5.0
294,294,14-03-98 19:40,Iran ,30.126,57.585,13.8,6.6 Mw ,5.0,5.0,5.0,5.0,,5.0
295,295,17-07-98 04:51,Taiwan ,23.503,120.711,11,5.7 Mw ,5.0,5.0,5.0,,,5.0
296,296,13-11-98 13:01,Iran ,27.791,53.642,12.5,5.4 Mw ,5.0,5.0,5.0,5.0,,5.0
297,297,19-11-98 11:38,China ,27.263,100.955,4.8,5.6 Mw ,5.0,5.0,6.0,3.0,,6.0
298,298,11-12-98 20:16,Afghanistan ,36.518,71,219,5.6 Mw ,5.0,5.0,5.0,,,5.0
299,299,21-12-99 14:14,Indonesia ,-6.823,105.498,42,6.4 Mw ,5.0,5.0,5.0,5.0,,5.0
300,300,25-11-00 18:09,Azerbaijan  ,40.198,49.929,51.6,6.8 Mw ,5.0,31.0,5.0,31.0,,31.0
301,301,31-03-02 06:52,Taiwan ,24.3,122.142,34,7.1 Mw ,5.0,5.0,5.0,4.0,,5.0
302,302,25-04-02 17:41,Georgia ,41.767,44.857,34.8,4.8 mb ,5.0,5.0,5.0,6.0,,6.0
303,303,25-02-03 03:52,China  ,39.402,77.358,18.7,5.3 Mw ,5.0,5.0,5.0,,,5.0
304,304,16-02-04 14:44,Indonesia ,-0.516,100.548,12.7,5.0 Mw ,5.0,5.0,,5.0,,5.0
305,305,13-06-05 22:44,Chile ,-20.007,-69.198,105.2,7.8 Mw ,5.0,11.0,,11.0,,11.0
306,306,26-09-05 01:55,Peru  ,-5.721,-76.414,120.9,7.5 Mw ,5.0,5.0,,5.0,,5.0
307,307,12-12-05 21:47,Afghanistan  ,36.285,71.12,223.8,6.5 Mw ,5.0,5.0,,5.0,,5.0
308,308,24-04-72 09:57,Taiwan  ,23.604,121.534,21,6.9 Ms ,4.0,4.0,5.0,,,5.0
309,309,24-11-73 14:05,Algeria ,36.201,4.473,33.1,5.1 mb ,4.0,4.0,4.0,,,4.0
310,310,13-03-76 16:30,Guatemala ,14.725,-91.006,15,5.4 mb ,4.0,4.0,4.0,,,4.0
311,311,02-04-76 16:58,Turkey ,39.801,43.689,25,4.6 mb ,4.0,4.0,4.0,,,4.0
312,312,29-04-76 22:18,Turkey ,40.935,42.875,35,5.5 Ms ,4.0,4.0,4.0,,,4.0
313,313,19-08-76 01:12,Turkey ,37.743,29.015,11.7,5.0 mb ,4.0,4.0,4.0,4.0,,4.0
314,314,08-12-76 08:38,South Africa ,-27.979,26.677,10,5.2 mb ,4.0,4.0,4.0,,,4.0
315,315,27-10-79 14:35,Guatemala ,13.829,-90.841,56.5,6.8 Mw ,4.0,4.0,7.0,,,7.0
316,316,14-02-81 17:27,Italy ,40.995,14.614,4.9,4.9 ML ,4.0,12.0,,,,12.0
317,317,16-02-84 17:18,Afghanistan ,36.447,70.84,208.1,6.4 Mw ,4.0,4.0,4.0,4.0,,4.0
318,318,11-09-85 20:45,China ,39.356,75.415,21.2,6.1 Mw ,4.0,4.0,3.0,,,4.0
319,319,20-11-89 03:21,China ,29.883,106.826,24.7,5.2 mb ,4.0,4.0,7.0,4.0,,7.0
320,320,14-06-90 07:40,Philippines ,11.39,122.045,18.1,7.1 Mw ,4.0,4.0,4.0,4.0,,4.0
321,321,11-08-90 02:59,Ecuador ,-0.172,-78.483,18.4,5.3 Mw ,4.0,4.0,4.0,4.0,,4.0
322,322,28-08-92 00:50,Pakistan ,29.211,66.82,6.4,5.5 Mw ,4.0,4.0,4.0,4.0,,4.0
323,323,22-10-92 17:39,Egypt ,29.755,31.535,10,4.2 Md ,4.0,4.0,4.0,,,4.0
324,324,02-03-94 03:38,Haiti ,19.941,-72.814,6.7,5.4 Mw ,4.0,4.0,4.0,,,4.0
325,325,01-06-01 14:00,Afghanistan ,35.105,69.324,44.5,5.0 Mw ,4.0,4.0,4.0,4.0,,4.0
326,326,09-08-01 02:06,Peru ,-14.348,-72.68,9.6,5.8 Mw ,4.0,4.0,4.0,4.0,,4.0
327,327,08-09-02 18:44,Papua New Guinea ,-3.262,142.94,13,7.6 Mw ,4.0,4.0,4.0,4.0,,4.0
328,328,16-08-03 10:58,China ,43.779,119.718,23.3,5.4 Mw ,4.0,4.0,4.0,4.0,,4.0
329,329,14-11-03 18:49,China ,27.462,103.974,35,5.6 Mw ,4.0,4.0,4.0,4.0,,4.0
330,330,10-08-04 10:26,China ,27.318,103.917,13.2,5.3 Mw ,4.0,4.0,,4.0,,4.0
331,331,03-05-05 07:21,Iran ,33.655,48.669,27.1,4.9 Mw ,4.0,4.0,,,,4.0
332,332,22-02-06 22:19,Mozambique ,-21.324,33.583,11,7.0 Mw ,4.0,4.0,,,,4.0
333,333,20-03-06 19:44,Algeria ,36.623,5.328,10,5.2 Mw ,4.0,4.0,,4.0,,4.0
334,334,05-02-70 22:05,Philippines ,12.6,122.058,7.7,6.6 Ms ,3.0,3.0,3.0,,,3.0
335,335,12-06-74 16:25,Venezuela ,10.509,-63.429,7.9,6.5 Muk ,3.0,3.0,5.0,,,5.0
336,336,05-04-75 09:34,Venezuela ,10.065,-69.666,22.4,6.3 Muk ,3.0,3.0,3.0,,,3.0
337,337,30-12-75 14:36,Turkey ,38.595,40.526,31.8,4.6 mb ,3.0,3.0,,,,3.0
338,338,26-05-77 01:35,Iran ,38.896,44.324,16.9,5.6 Mw ,3.0,3.0,3.0,3.0,,3.0
339,339,31-08-77 00:42,Colombia ,7.351,-76.159,21.3,6.5 Mw ,3.0,3.0,3.0,,,3.0
340,340,10-12-77 05:46,Iran ,27.687,56.578,13.9,5.6 Mw ,3.0,3.0,,3.0,,3.0
341,341,22-12-80 12:51,Iran ,34.427,50.634,16.4,5.7 Mw ,3.0,3.0,3.0,4.0,,4.0
342,342,25-10-81 03:22,Mexico ,18.115,-102.009,19,7.2 Mw ,3.0,3.0,9.0,3.0,,9.0
343,343,28-03-82 23:24,Peru ,-12.743,-76.01,90.8,6.3 Mw ,3.0,3.0,3.0,3.0,,3.0
344,344,29-09-82 05:50,Honduras ,14.494,-89.102,13.9,5.6 Mw ,3.0,3.0,3.0,,,3.0
345,345,15-11-82 20:07,Algeria ,35.585,1.361,7.1,5.2 Mw ,3.0,3.0,3.0,,,3.0
346,346,22-07-83 02:41,Iran ,36.942,49.213,20,5.6 mb ,3.0,3.0,3.0,3.0,,3.0
347,347,07-05-84 17:49,Italy ,41.738,13.889,21.4,5.9 Mw ,3.0,3.0,7.0,3.0,,7.0
348,348,18-09-84 13:26,Turkey ,40.892,42.241,10,5.5 Mw ,3.0,3.0,3.0,3.0,,3.0
349,349,18-10-84 09:46,Turkey ,40.711,42.447,35,5.4 Mw ,3.0,3.0,3.0,3.0,,3.0
350,350,07-12-86 14:17,Bulgaria ,43.278,26.003,4.8,5.6 Mw ,3.0,3.0,3.0,3.0,,3.0
351,351,02-10-87 22:27,Peru  ,-8.166,-77.961,29.8,5.6 Mw ,3.0,3.0,3.0,,,3.0
352,352,06-08-88 00:36,Burma ,25.105,95.126,90.5,7.2 Mw ,3.0,35.0,3.0,2.0,,35.0
353,353,25-04-89 14:29,Mexico ,16.779,-99.275,19,6.9 Mw ,3.0,3.0,3.0,3.0,,3.0
354,354,20-11-89 04:19,Iran ,29.898,57.716,14.9,5.9 Mw ,3.0,3.0,3.0,,,3.0
355,355,18-04-90 13:39,Indonesia ,1.195,122.816,26,7.6 Mw ,3.0,3.0,3.0,5.0,,5.0
356,356,15-05-92 08:08,Uzbekistan ,41.001,72.449,37.1,6.2 Ms ,3.0,3.0,3.0,9.0,,9.0
357,357,18-04-93 09:16,Peru ,-11.721,-76.513,106,6.2 Mw ,3.0,6.0,6.0,6.0,,6.0
358,358,16-10-93 03:05,Papua New Guinea ,-5.877,146.28,27,6.3 Mw ,3.0,3.0,3.0,,,3.0
359,359,20-06-94 09:09,Iran ,29.053,52.671,10.8,5.9 Mw ,3.0,3.0,3.0,2.0,,3.0
360,360,28-12-94 12:19,Japan ,40.523,143.43,27,7.7 Mw ,3.0,3.0,3.0,2.0,,3.0
361,361,30-07-95 05:11,Chile  ,-23.34,-70.253,46,8.0 Mw ,3.0,3.0,3.0,3.0,,3.0
362,362,14-09-95 14:04,Mexico ,16.849,-98.608,23,7.3 Mw ,3.0,3.0,3.0,6.0,,6.0
363,363,04-08-98 18:59,Ecuador  ,-0.594,-80.313,20,7.1 Mw ,3.0,3.0,3.0,3.0,,3.0
364,364,27-08-98 09:03,China ,39.572,77.298,28,6.3 Mw ,3.0,3.0,3.0,,,3.0
365,365,17-05-00 03:25,Taiwan ,24.167,121.078,15,5.4 Mw ,3.0,3.0,3.0,,,3.0
366,366,23-02-01 00:09,China ,29.459,101.079,7,5.6 Mw ,3.0,3.0,3.0,3.0,,3.0
367,367,09-01-02 06:45,Tajikistan ,38.644,69.844,28.6,5.2 Mw ,3.0,3.0,3.0,3.0,,3.0
368,368,02-11-02 01:26,Indonesia ,2.837,96.088,30,7.2 Mw ,3.0,3.0,3.0,3.0,,3.0
369,369,16-10-03 12:28,China ,25.882,101.256,35,5.6 Mw ,3.0,3.0,3.0,3.0,,3.0
370,370,24-02-04 02:14,Burundi ,-3.36,29.446,15.7,4.7 mb ,3.0,3.0,,3.0,,3.0
371,371,05-04-04 21:24,Afghanistan ,36.48,71.042,175,6.5 Mw ,3.0,3.0,,,,3.0
372,372,29-07-06 00:11,Tajikistan  ,37.255,68.828,34,5.6 Mw ,3.0,3.0,,3.0,,3.0
373,373,21-01-07 11:27,Indonesia ,1.065,126.282,22,7.5 Mw ,3.0,4.0,,,,4.0
374,374,02-06-07 21:34,China ,23.02,101.01,5,6.1 Mw ,3.0,3.0,,3.0,,3.0
375,375,21-07-07 22:44,Tajikistan ,38.936,70.485,10,5.2 Mw ,3.0,12.0,,11.0,,12.0
376,376,25-11-07 16:02,Indonesia ,-8.292,118.37,20,6.5 Mw ,3.0,3.0,,,,3.0
377,377,20-02-08 08:08,Indonesia ,2.768,95.964,26,7.3 Mw ,3.0,3.0,,3.0,,3.0
378,378,20-09-68 06:00,Venezuela ,10.731,-62.719,102.6,6.2 mb ,2.0,2.0,3.0,,,3.0
379,379,31-03-69 07:15,Egypt ,27.511,33.936,3.5,6.8 Ms ,2.0,2.0,2.0,,,2.0
380,380,14-11-70 07:58,Taiwan ,22.839,121.363,27.6,6.1 Ms ,2.0,2.0,2.0,,,2.0
381,381,01-02-74 00:01,Turkey ,38.54,27.263,11.9,5.4 ML ,2.0,2.0,,,,2.0
382,382,03-08-74 18:16,Japan ,36.016,139.901,51.4,5.6 mb ,2.0,2.0,,,,2.0
383,383,13-03-75 15:26,Chile ,-29.91,-71.393,31.3,6.9 Ms ,2.0,2.0,2.0,,,2.0
384,384,19-07-75 06:10,India ,31.937,78.605,12.8,5.3 mb ,2.0,2.0,,,,2.0
385,385,29-11-75 14:47,United States Minor Outlying Islands ,19.452,-155.034,2.1,7.2 Ms ,2.0,2.0,2.0,,,2.0
386,386,27-08-77 07:12,Indonesia ,-8.136,125.326,44.6,7.0 Mw ,2.0,2.0,2.0,,,2.0
387,387,22-02-78 06:07,Guatemala ,14.268,-91.399,66.9,6.3 Mw ,2.0,2.0,2.0,,,2.0
388,388,11-03-78 19:20,Italy ,38.046,15.99,22.2,5.2 Mw ,2.0,2.0,2.0,,,2.0
389,389,23-12-78 11:23,Taiwan ,23.217,122.009,45.5,7.0 Mw ,2.0,2.0,2.0,,,2.0
390,390,20-10-79 01:41,Indonesia ,-8.363,115.782,52,6.4 Mw ,2.0,2.0,2.0,,,2.0
391,391,09-08-80 05:45,Guatemala ,15.912,-88.49,16.9,6.5 Mw ,2.0,2.0,2.0,2.0,,2.0
392,392,24-09-80 17:54,Japan ,35.525,140.062,71.5,6.0 Mw ,2.0,2.0,,,,2.0
393,393,23-03-82 05:10,Peru ,-12.341,-77.538,59.1,5.1 mb ,2.0,2.0,2.0,,,2.0
394,394,03-07-83 17:14,Costa Rica ,9.612,-83.707,14.5,6.3 Mw ,2.0,2.0,2.0,2.0,,2.0
395,395,28-10-83 14:06,United States  ,44.078,-113.8,16,6.9 Mw ,2.0,2.0,2.0,2.0,,2.0
396,396,08-01-84 15:24,Indonesia ,-2.866,118.726,43.6,6.7 Mw ,2.0,2.0,2.0,2.0,,2.0
397,397,19-03-85 10:28,Bolivia ,-18.567,-63.6,29.7,5.8 Mw ,2.0,2.0,2.0,,,2.0
398,398,13-05-86 08:44,Georgia ,41.404,43.704,10,5.7 Mw ,2.0,2.0,2.0,2.0,,2.0
399,399,11-06-86 13:48,Venezuela ,10.573,-62.911,13.9,6.2 Mw ,2.0,2.0,2.0,,,2.0
400,400,30-08-86 21:28,Romania  ,45.521,26.271,136,7.2 Mw ,2.0,2.0,2.0,,,2.0
401,401,25-04-87 19:22,Indonesia ,2.405,98.905,10,6.4 Mw ,2.0,2.0,2.0,2.0,,2.0
402,402,29-05-87 06:27,Iran ,34.059,48.285,25,5.3 Mw ,2.0,2.0,2.0,2.0,,2.0
403,403,22-09-87 13:43,Ecuador ,-1.009,-78.031,4.8,6.3 Mw ,2.0,2.0,2.0,2.0,,2.0
404,404,17-12-87 02:08,Japan ,35.421,140.322,47.3,6.5 Mw ,2.0,2.0,2.0,2.0,,2.0
405,405,06-02-88 14:50,Bangladesh ,24.713,91.579,35,5.8 Mw ,2.0,2.0,2.0,2.0,,2.0
406,406,19-06-88 20:19,Philippines ,12.355,121.085,12.7,6.2 Mw ,2.0,2.0,1.0,,,2.0
407,407,20-08-89 11:16,Djibouti ,11.746,41.96,12,6.5 Mw ,2.0,2.0,2.0,,,2.0
408,408,13-12-90 03:01,Taiwan ,23.883,121.645,9.4,6.3 Mw ,2.0,2.0,2.0,,,2.0
409,409,12-07-91 10:42,Romania ,45.393,20.981,15,5.5 Mw ,2.0,2.0,2.0,,,2.0
410,410,19-11-91 22:28,Colombia ,4.552,-77.356,21,7.2 Mw ,2.0,2.0,2.0,2.0,,2.0
411,411,23-10-92 09:11,Morocco ,31.275,-4.291,25.2,5.5 Mw ,2.0,2.0,2.0,,,2.0
412,412,15-01-93 11:06,Japan ,43.024,144.141,102,7.6 Mw ,2.0,2.0,,,,2.0
413,413,31-01-93 19:33,China ,25.826,101.415,25,4.7 ML ,2.0,2.0,,,,2.0
414,414,20-03-93 14:51,China ,29.009,87.356,14.1,6.2 Mw ,2.0,2.0,,,,2.0
415,415,22-07-93 04:57,Colombia ,6.38,-71.206,20,6.0 Mw ,2.0,2.0,2.0,,,2.0
416,416,01-08-93 00:20,Sudan ,15.401,31.701,11.8,5.5 Mw ,2.0,2.0,2.0,3.0,,3.0
417,417,05-02-94 23:34,Uganda ,0.558,30.081,14,6.2 Mw ,2.0,4.0,8.0,7.0,,8.0
418,418,01-03-94 03:49,Iran ,29.143,52.638,12.9,6.0 Mw ,2.0,2.0,2.0,3.0,,3.0
419,419,04-07-94 21:36,Mexico ,14.887,-97.312,15,6.4 Mw ,2.0,2.0,2.0,,,2.0
420,420,23-02-95 21:03,Cyprus ,35.06,32.269,18,5.9 Mw ,2.0,2.0,,2.0,,2.0
421,421,03-10-95 01:51,Ecuador ,-2.79,-77.823,24,7.0 Mw ,2.0,2.0,2.0,2.0,,2.0
422,422,01-03-97 06:04,China ,39.45,76.817,19.3,5.6 Mw ,2.0,2.0,1.0,2.0,,2.0
423,423,06-06-00 02:41,Turkey ,40.737,33.005,7,6.0 Mw ,2.0,2.0,2.0,2.0,,2.0
424,424,17-07-00 22:53,Afghanistan ,36.245,70.943,135,6.3 Mw ,2.0,2.0,2.0,,,2.0
425,425,10-11-00 20:10,Algeria ,36.437,4.838,7,5.7 Mw ,2.0,2.0,2.0,,,2.0
426,426,24-03-01 06:27,Japan ,34.108,132.54,42,6.8 Mw ,2.0,2.0,2.0,2.0,,2.0
427,427,12-04-01 10:47,China ,24.806,99.051,10.1,5.6 Mw ,2.0,2.0,2.0,2.0,,2.0
428,428,23-05-01 21:10,China ,27.619,100.901,2.1,5.4 Mw ,2.0,2.0,2.0,2.0,,2.0
429,429,04-12-01 05:57,Peru ,-15.353,-72.435,41.4,5.8 Mw ,2.0,2.0,2.0,,,2.0
430,430,24-04-02 19:48,Iran ,34.602,47.401,25,5.4 Mw ,2.0,2.0,2.0,2.0,,2.0
431,431,18-05-02 15:15,Tanzania ,-2.919,33.738,9.8,5.5 Mw ,2.0,2.0,2.0,2.0,,2.0
432,432,13-09-02 22:28,India ,13.013,93.093,15,6.5 Mw ,2.0,2.0,2.0,2.0,,2.0
433,433,24-10-02 06:08,Democratic Republic of the Congo ,-1.962,29.013,11,6.2 Mw ,2.0,2.0,2.0,,,2.0
434,434,14-12-02 13:27,China ,39.754,97.391,5,5.5 Mw ,2.0,2.0,2.0,2.0,,2.0
435,435,26-07-03 23:18,Bangladesh ,22.868,92.317,35,5.6 Mw ,2.0,2.0,2.0,2.0,,2.0
436,436,22-12-03 19:15,United States  ,35.629,-121.075,16,6.6 Mw ,2.0,2.0,2.0,2.0,,2.0
437,437,25-12-03 07:11,Panama ,8.369,-82.842,34,6.5 Mw ,2.0,2.0,2.0,2.0,,2.0
438,438,18-07-04 08:31,Afghanistan ,33.344,69.479,5.7,5.2 Mw ,2.0,2.0,,2.0,,2.0
439,439,25-01-05 16:44,Turkey ,37.603,43.691,40.6,5.9 Mw ,2.0,2.0,,,,2.0
440,440,05-02-05 12:23,Philippines ,5.321,123.338,522.1,7.1 Mw ,2.0,2.0,,,,2.0
441,441,09-03-05 10:15,South Africa ,-26.889,26.775,13,5.0 mb ,2.0,2.0,,2.0,,2.0
442,442,15-10-05 04:24,Pakistan ,33.977,73.929,11.6,5.2 mb ,2.0,2.0,,,,2.0
443,443,03-06-06 07:15,Iran ,26.759,55.843,12,5.1 Mw ,2.0,2.0,,,,2.0
444,444,26-12-06 12:26,Taiwan  ,21.799,120.547,10,7.0 Mw ,2.0,2.0,,,,2.0
445,445,02-08-07 02:37,Russian Federation ,47.11,141.81,5,6.2 Mw ,2.0,2.0,,2.0,,2.0
446,446,14-11-07 15:40,Chile ,-22.247,-69.89,40,7.7 Mw ,2.0,2.0,,,,2.0
447,447,08-06-08 12:25,Greece  ,37.963,21.525,16,6.4 Mw ,2.0,2.0,,2.0,,2.0
448,448,17-06-08 05:51,China ,32.761,105.554,10,4.8 mb ,2.0,2.0,,,,2.0
449,449,20-01-70 17:33,Japan ,42.523,143.024,34.9,6.4 Ms ,1.0,1.0,,,,1.0
450,450,31-07-70 17:08,Colombia ,-1.486,-72.563,644.6,8.0 Muk ,1.0,1.0,1.0,,,1.0
451,451,17-06-71 21:00,Chile ,-25.423,-69.052,90.1,7.2 mb ,1.0,1.0,1.0,,,1.0
452,452,27-07-71 02:02,Ecuador ,-2.825,-77.362,94.5,7.3 mb ,1.0,1.0,1.0,,,1.0
453,453,27-10-71 17:58,Vanuatu ,-15.578,167.32,60.9,6.3 mb ,1.0,1.0,1.0,,,1.0
454,454,25-01-72 02:06,Taiwan ,22.549,122.325,10.1,7.5 Mw ,1.0,1.0,1.0,,,1.0
455,455,24-04-73 21:30,Colombia ,4.907,-78.114,28.8,6.6 Muk ,1.0,1.0,1.0,,,1.0
456,456,11-11-73 07:14,Iran ,30.535,52.951,2,5.5 mb ,1.0,1.0,1.0,,,1.0
457,457,23-11-73 13:36,Portugal ,38.486,-28.329,18.5,5.2 Muk ,1.0,1.0,1.0,,,1.0
458,458,09-02-75 04:45,Indonesia ,-6.774,106.634,15,5.6 Ms ,1.0,1.0,1.0,,,1.0
459,459,11-07-75 07:18,Algeria ,36.32,5.241,33,4.3 mb ,1.0,1.0,1.0,,,1.0
460,460,31-10-75 08:28,Philippines ,12.535,125.997,52.5,7.6 Muk ,1.0,1.0,1.0,,,1.0
461,461,05-11-75 17:04,Mexico ,16.9,-92.818,12,5.0 mb ,1.0,1.0,,,,1.0
462,462,31-12-75 09:45,Greece ,38.526,21.714,15,5.5 Ms ,1.0,1.0,1.0,,,1.0
463,463,19-02-76 13:59,Cuba ,19.864,-76.899,21.1,5.9 Ms ,1.0,1.0,1.0,,,1.0
464,464,25-03-76 11:55,Turkey ,40.939,42.954,35,4.8 mb ,1.0,1.0,1.0,2.0,,2.0
465,465,09-07-76 09:34,Turkey ,38.327,40.463,33,4.2 mb ,1.0,1.0,1.0,,,1.0
466,466,30-11-76 00:40,Chile ,-20.472,-68.896,133.7,7.5 Mw ,1.0,1.0,1.0,,,1.0
467,467,18-03-77 21:43,Philippines ,16.755,122.285,32.5,7.2 Mw ,1.0,1.0,1.0,1.0,,1.0
468,468,16-03-78 02:00,Afghanistan ,29.928,66.234,10.2,6.1 Mw ,1.0,1.0,,,,1.0
469,469,19-03-78 01:39,Mexico ,16.932,-99.782,11,6.6 Mw ,1.0,1.0,1.0,,,1.0
470,470,19-06-78 10:31,Greece ,40.732,23.257,7.7,5.3 Mw ,1.0,1.0,1.0,50.0,,50.0
471,471,04-07-78 22:23,Greece ,40.718,23.112,7.4,4.6 ML ,1.0,1.0,1.0,,,1.0
472,472,06-11-79 05:26,Greece ,39.52,20.375,28.1,5.4 mb ,1.0,1.0,1.0,,,1.0
473,473,09-06-80 03:28,Mexico ,32.268,-114.908,4.6,6.3 Mw ,1.0,1.0,1.0,,,1.0
474,474,09-07-80 02:11,Greece ,39.257,23.008,17.2,6.6 Mw ,1.0,1.0,1.0,,,1.0
475,475,22-07-80 05:17,Iran ,37.322,50.262,25,5.5 Mw ,1.0,1.0,1.0,,,1.0
476,476,23-09-80 19:10,Japan ,35.997,139.74,82.7,5.3 Mw ,1.0,1.0,,2.0,,2.0
477,477,07-03-81 11:34,Greece ,38.181,23.335,37.1,5.4 Mw ,1.0,1.0,1.0,,,1.0
478,478,13-06-81 07:29,Afghanistan ,36.198,67.836,21,5.6 Mw ,1.0,1.0,1.0,,,1.0
479,479,16-11-82 23:41,Albania ,40.78,19.666,21.9,5.6 Mw ,1.0,1.0,1.0,1.0,,1.0
480,480,15-03-83 17:27,Japan ,34.797,137.58,34.5,5.4 Mw ,1.0,1.0,,,,1.0
481,481,03-04-83 02:50,Costa Rica ,8.721,-83.078,25,7.4 Mw ,1.0,6.0,1.0,10.0,,10.0
482,482,08-08-83 03:47,Japan ,35.507,139.045,18.1,5.6 Mw ,1.0,1.0,1.0,1.0,,1.0
483,483,08-11-83 00:49,Belgium ,50.696,5.346,10,4.9 ML ,1.0,2.0,1.0,2.0,,2.0
484,484,01-02-84 14:22,Afghanistan ,34.564,70.446,9,6.1 Mw ,1.0,1.0,1.0,1.0,,1.0
485,485,02-02-85 20:52,Iran ,28.352,52.972,13.8,5.4 Mw ,1.0,1.0,1.0,1.0,,1.0
486,486,29-03-85 11:15,China ,29.35,104.953,35,4.9 mb ,1.0,1.0,2.0,,,2.0
487,487,10-05-85 15:35,Papua New Guinea ,-5.601,151.056,47.2,7.2 Mw ,1.0,1.0,1.0,,,1.0
488,488,25-12-85 02:38,Italy ,37.688,15.068,10,4.3 mb ,1.0,1.0,1.0,,,1.0
489,489,11-01-86 19:42,Peru ,-9.512,-77.437,56.7,5.1 Mw ,1.0,1.0,1.0,1.0,,1.0
490,490,20-05-86 05:25,Taiwan ,24.146,121.643,15.8,6.2 Mw ,1.0,1.0,1.0,,,1.0
491,491,06-06-86 10:39,Turkey ,38.007,37.91,22.5,5.8 Mw ,1.0,1.0,1.0,,,1.0
492,492,12-07-86 07:54,Iran ,29.911,51.557,5.4,5.7 Mw ,1.0,1.0,1.0,1.0,,1.0
493,493,26-01-87 11:11,Algeria ,35.919,1.387,11.7,4.9 mb ,1.0,1.0,1.0,1.0,,1.0
494,494,05-03-87 09:17,Chile ,-24.395,-70.1,46.3,7.5 Mw ,1.0,1.0,1.0,,,1.0
495,495,18-03-87 03:36,Japan ,32.051,131.785,54,6.6 Mw ,1.0,2.0,1.0,,,2.0
496,496,18-05-87 07:27,Philippines ,8.267,125.324,19.1,6.2 Mw ,1.0,1.0,1.0,,,1.0
497,497,23-05-87 17:09,Philippines ,8.023,125.479,22.4,5.7 Mw ,1.0,1.0,1.0,,,1.0
498,498,13-08-87 15:23,Peru ,-17.9,-70.909,37.6,6.5 Mw ,1.0,1.0,1.0,,,1.0
499,499,20-07-88 23:15,Taiwan ,23.986,121.679,51,5.9 Mw ,1.0,1.0,1.0,,,1.0
500,500,11-08-88 16:04,Iran ,29.886,51.655,11,6.0 Mw ,1.0,1.0,1.0,,,1.0
501,501,19-02-89 12:27,Japan ,36.038,139.86,45.4,5.5 Mw ,1.0,1.0,,,,1.0
502,502,07-05-89 00:38,China ,23.538,99.519,25.4,5.6 Mw ,1.0,1.0,1.0,,,1.0
503,503,12-06-89 00:04,Bangladesh ,21.927,89.872,20,5.8 Mw ,1.0,1.0,1.0,1.0,,1.0
504,504,03-08-89 07:42,Russian Federation ,43.536,45.355,35,5.1 Mw ,1.0,1.0,1.0,,,1.0
505,505,08-08-89 08:13,United States ,37.134,-121.925,15,5.4 ML ,1.0,1.0,1.0,,,1.0
506,506,15-12-89 18:43,Philippines ,8.365,126.686,24,7.5 Mw ,1.0,1.0,2.0,,,2.0
507,507,26-03-90 22:47,Philippines ,9.283,125.564,51.1,5.9 Mw ,1.0,1.0,1.0,,,1.0
508,508,09-06-90 01:14,Peru ,-6.1,-77.133,23.5,5.5 Mw ,1.0,1.0,1.0,,,1.0
509,509,14-06-90 12:47,Kazakhstan ,47.877,85.064,36,6.6 Mw ,1.0,1.0,3.0,1.0,,3.0
510,510,20-10-90 08:07,China ,37.096,103.718,8,5.7 Mw ,1.0,1.0,2.0,1.0,,2.0
511,511,15-11-90 02:34,Indonesia ,3.939,97.405,30,6.7 Mw ,1.0,1.0,7.0,1.0,,7.0
512,512,21-12-90 06:57,Greece ,40.977,22.346,13,6.1 Mw ,1.0,1.0,1.0,1.0,,1.0
513,513,22-12-90 17:27,Costa Rica ,9.982,-84.229,11.1,5.9 Mw ,1.0,2.0,1.0,1.0,,2.0
514,514,24-04-91 10:54,Turkey ,39.613,41.169,35,4.5 mb ,1.0,1.0,1.0,,,1.0
515,515,28-06-91 14:43,United States ,34.237,-118.011,11,5.6 Mw ,1.0,2.0,1.0,2.0,,2.0
516,516,28-11-91 17:19,Iran ,36.826,49.582,18.4,5.6 Mw ,1.0,1.0,1.0,,,1.0
517,517,28-06-92 11:57,United States  ,34.19,-116.52,15,7.3 Mw ,1.0,3.0,1.0,1.0,,3.0
518,518,08-09-92 00:38,Iran ,29.132,52.147,26.8,5.2 mb ,1.0,1.0,1.0,,,1.0
519,519,18-10-92 15:11,Colombia ,7.093,-76.764,3.5,7.1 Mw ,1.0,11.0,11.0,,,11.0
520,520,23-10-92 23:19,Georgia ,42.561,45.096,16,6.4 Mw ,1.0,1.0,1.0,1.0,,1.0
521,521,18-12-92 11:21,China ,26.328,100.752,21.8,5.0 mb ,1.0,1.0,1.0,,,1.0
522,522,13-01-93 17:11,Jamaica ,18.052,-76.594,14.2,5.5 Mw ,1.0,1.0,1.0,,,1.0
523,523,10-07-93 20:40,Costa Rica ,9.824,-83.612,16.5,5.8 Mw ,1.0,2.0,1.0,3.0,,3.0
524,524,10-09-93 19:12,Mexico ,14.758,-92.646,34,7.2 Mw ,1.0,1.0,1.0,,,1.0
525,525,21-09-93 03:28,United States ,42.305,-122.004,11,6.0 Mw ,1.0,2.0,1.0,,,2.0
526,526,05-06-94 01:09,Taiwan ,24.455,121.85,11,6.3 Mw ,1.0,1.0,1.0,,,1.0
527,527,09-06-94 00:33,Bolivia  ,-13.86,-67.512,631,8.2 Mw ,1.0,5.0,10.0,0.0,,10.0
528,528,16-09-94 06:20,Taiwan  ,22.555,118.719,13,6.7 Mw ,1.0,1.0,5.0,1.0,,5.0
529,529,08-10-94 21:44,Indonesia ,-1.206,127.98,17,6.8 Mw ,1.0,1.0,1.0,1.0,,1.0
530,530,21-05-95 06:13,Indonesia ,-8.288,122.944,26.4,5.2 Mw ,1.0,1.0,1.0,,,1.0
531,531,29-04-96 14:40,Papua New Guinea ,-6.518,155.116,38,7.2 Mw ,1.0,1.0,1.0,,,1.0
532,532,09-10-96 13:10,Cyprus ,34.562,32.143,22,6.8 Mw ,1.0,2.0,2.0,,,2.0
533,533,11-01-97 20:28,Mexico ,18.193,-102.795,35,7.1 Mw ,1.0,1.0,1.0,1.0,,1.0
534,534,13-05-97 11:42,Iran ,33.399,59.88,11.6,4.5 mb ,1.0,1.0,1.0,,,1.0
535,535,13-05-97 14:13,Afghanistan ,36.467,70.968,196,6.4 Mw ,1.0,1.0,,,,1.0
536,536,20-02-98 12:18,Afghanistan ,36.479,71.074,236,6.3 Mw ,1.0,1.0,1.0,1.0,,1.0
537,537,09-09-98 11:27,Italy ,40,15.975,10,5.6 Mw ,1.0,2.0,1.0,,,2.0
538,538,28-09-98 13:34,Indonesia ,-8.177,112.34,151.6,6.5 Mw ,1.0,1.0,1.0,,,1.0
539,539,21-02-99 18:14,Russian Federation ,43.262,46.909,41.9,5.3 Mw ,1.0,1.0,1.0,1.0,,1.0
540,540,04-03-99 05:38,Iran ,28.271,57.207,27.7,6.6 Mw ,1.0,1.0,1.0,1.0,,1.0
541,541,03-04-99 06:17,Peru ,-16.602,-72.518,85,6.8 Mw ,1.0,1.0,1.0,,,1.0
542,542,11-07-99 14:14,Guatemala ,15.791,-88.285,15,6.7 Mw ,1.0,2.0,1.0,,,2.0
543,543,10-08-99 19:33,Iran ,36.157,54.648,20,4.5 mb ,1.0,1.0,1.0,,,1.0
544,544,31-08-99 08:10,Turkey ,40.767,29.912,8.4,5.1 Mw ,1.0,1.0,1.0,1.0,,1.0
545,545,29-09-99 00:13,Turkey ,40.736,29.35,7.6,5.2 Mw ,1.0,1.0,1.0,,,1.0
546,546,22-10-99 02:18,Taiwan ,23.531,120.443,14,5.8 Mw ,1.0,1.0,1.0,1.0,,1.0
547,547,11-11-99 14:41,Turkey ,40.74,30.247,10,5.6 Mw ,1.0,2.0,1.0,3.0,,3.0
548,548,24-11-99 16:40,China ,24.586,102.845,15,5.0 ML ,1.0,1.0,1.0,,,1.0
549,549,03-12-99 17:06,Turkey ,40.482,42.354,6.4,5.7 Mw ,1.0,1.0,1.0,,,1.0
550,550,11-12-99 18:03,Philippines ,15.779,119.776,40,7.2 Mw ,1.0,5.0,1.0,6.0,,6.0
551,551,15-12-99 05:12,Philippines ,11.296,124.516,16.2,4.8 mb ,1.0,1.0,,,,1.0
552,552,02-02-00 22:58,Iran ,35.238,58.213,22.7,5.3 Mw ,1.0,1.0,1.0,1.0,,1.0
553,553,07-06-00 23:45,Indonesia ,-4.651,101.848,32,6.7 Mw ,1.0,1.0,1.0,,,1.0
554,554,21-08-00 13:25,China ,25.726,102.24,5.4,4.9 mb ,1.0,1.0,1.0,1.0,,1.0
555,555,20-09-00 08:37,Ecuador ,-1.946,-80.522,40,5.5 Mw ,1.0,1.0,1.0,,,1.0
556,556,16-11-00 04:54,Papua New Guinea ,-3.996,152.268,27.6,8.0 Mw ,1.0,2.0,2.0,1.0,,2.0
557,557,17-02-01 20:25,El Salvador  ,13.787,-89.106,10,5.1 mb ,1.0,1.0,1.0,,,1.0
558,558,07-07-01 09:38,Peru ,-17.532,-71.931,14.1,7.6 Mw ,1.0,1.0,1.0,,,1.0
559,559,24-07-01 05:00,Chile ,-19.558,-69.234,13.4,6.3 Mw ,1.0,1.0,1.0,,,1.0
560,560,27-10-01 05:35,China ,26.289,100.586,5.8,5.5 Mw ,1.0,1.0,1.0,1.0,,1.0
561,561,10-01-02 11:14,Papua New Guinea ,-3.264,142.447,11,6.7 Mw ,1.0,1.0,1.0,1.0,,1.0
562,562,21-01-02 14:34,Turkey ,38.633,27.887,27.5,4.8 ML ,1.0,1.0,,,,1.0
563,563,17-02-02 13:03,Iran ,28.089,51.792,16.4,5.3 Mw ,1.0,1.0,1.0,1.0,,1.0
564,564,24-04-02 10:51,Serbia ,42.42,21.533,8,5.7 Mw ,1.0,1.0,1.0,1.0,,1.0
565,565,15-05-02 03:46,Taiwan ,24.668,121.868,16.7,6.1 Mw ,1.0,1.0,1.0,,,1.0
566,566,27-01-03 05:26,Turkey ,39.503,39.851,16.1,6.0 Mw ,1.0,1.0,1.0,1.0,,1.0
567,567,29-03-03 11:46,Afghanistan ,35.907,70.55,110,5.8 Mw ,1.0,1.0,1.0,,,1.0
568,568,26-05-03 19:23,Indonesia ,2.349,128.879,31,6.9 Mw ,1.0,1.0,1.0,1.0,,1.0
569,569,24-06-03 13:01,Iran ,33.024,49.463,15,4.6 mb ,1.0,1.0,1.0,,,1.0
570,570,10-07-03 17:06,Iran ,28.311,54.165,8,5.7 Mw ,1.0,1.0,1.0,1.0,,1.0
571,571,22-09-03 04:45,Dominican Republic ,19.766,-70.693,14,6.4 Mw ,1.0,3.0,1.0,3.0,,3.0
572,572,13-11-03 02:35,China ,34.713,103.865,35,5.1 Mw ,1.0,1.0,1.0,1.0,,1.0
573,573,18-11-03 17:14,Philippines ,12.113,125.416,35,6.5 Mw ,1.0,1.0,1.0,,,1.0
574,574,01-01-04 20:59,Indonesia ,-8.349,115.758,45.4,5.8 Mw ,1.0,1.0,,1.0,,1.0
575,575,08-05-04 20:11,Pakistan ,30.167,67.068,35,4.5 mb ,1.0,1.0,,,,1.0
576,576,18-07-04 04:22,New Zealand ,-38.013,176.432,2.4,5.4 Mw ,1.0,1.0,,,,1.0
577,577,30-07-04 07:14,Turkey ,39.69,43.935,20,4.8 mb ,1.0,1.0,,,,1.0
578,578,11-08-04 15:48,Turkey ,38.347,39.232,4.5,5.6 Mw ,1.0,1.0,,,,1.0
579,579,07-09-04 11:53,Argentina ,-28.568,-65.85,13,6.1 Mw ,1.0,1.0,,,,1.0
580,580,15-09-04 08:35,Indonesia ,-8.784,115.325,96.7,5.3 Mw ,1.0,1.0,,,,1.0
581,581,21-11-04 11:41,Guadeloupe ,15.679,-61.724,14,6.3 Mw ,1.0,1.0,,1.0,,1.0
582,582,01-12-04 23:17,Indonesia ,-3.689,135.604,7.2,5.5 Mw ,1.0,1.0,,,,1.0
583,583,23-01-05 20:10,Indonesia ,-1.196,119.91,38.1,6.2 Mw ,1.0,1.0,,1.0,,1.0
584,584,02-02-05 05:55,Indonesia ,-7.004,107.816,57.2,4.8 mb ,1.0,1.0,,,,1.0
585,585,20-03-05 01:53,Japan  ,33.802,130.209,10.7,6.6 Mw ,1.0,1.0,,1.0,,1.0
586,586,04-06-05 14:50,Papua New Guinea ,-6.355,146.846,44,6.1 Mw ,1.0,1.0,,1.0,,1.0
587,587,25-07-05 15:43,China ,46.884,125.03,43.3,5.0 Mw ,1.0,1.0,,,,1.0
588,588,27-10-05 11:18,China ,23.604,107.798,10,4.2 mb ,1.0,1.0,,,,1.0
589,589,08-11-05 07:54,Vietnam ,9.973,108.226,14.7,5.3 Mw ,1.0,1.0,,,,1.0
590,590,14-12-05 07:09,India ,30.46,79.201,35.5,5.1 Mw ,1.0,1.0,,,,1.0
591,591,10-03-06 07:50,Pakistan ,33.129,73.887,10,4.9 Mw ,1.0,1.0,,,,1.0
592,592,25-03-06 07:28,Iran ,27.574,55.685,18,5.9 Mw ,1.0,1.0,,,,1.0
593,593,25-08-06 05:51,China ,28.012,104.151,21,5.0 Mw ,1.0,1.0,,,,1.0
594,594,29-09-06 18:23,Venezuela ,10.814,-61.758,52,5.5 Mw ,1.0,1.0,,,,1.0
595,595,25-03-07 00:41,Japan  ,37.34,136.54,8,6.7 Mw ,1.0,1.0,,1.0,,1.0
596,596,26-10-07 06:50,Pakistan ,35.304,76.753,10,5.2 Mw ,1.0,1.0,,,,1.0
597,597,06-11-07 09:38,India ,21.181,70.724,10,5.1 Mw ,1.0,1.0,,,,1.0
598,598,07-11-07 04:12,Philippines ,9.721,124.647,71,5.3 Mw ,1.0,1.0,,,,1.0
599,599,29-11-07 19:00,Martinique ,14.944,-61.274,156,7.4 Mw ,1.0,1.0,,,,1.0
600,600,09-12-07 02:03,Brazil ,-15.048,-44.231,10,4.9 mb ,1.0,1.0,,,,1.0
601,601,09-01-08 22:24,Algeria ,35.616,-0.57,10,4.6 Mb ,1.0,1.0,,,,1.0
602,602,22-01-08 17:14,Indonesia ,1.011,97.442,20,6.2 Mw ,1.0,1.0,,,,1.0
603,603,06-02-08 06:09,India ,23.433,87.111,10,4.3 mb ,1.0,1.0,,,,1.0
604,604,14-02-08 02:07,Rwanda ,-2.404,28.918,10,5.3 Mw ,1.0,1.0,,,,1.0
605,605,09-09-69 05:15,Japan ,35.786,137.093,7.5,6.0 Ms ,0.0,0.0,1.0,,,1.0
606,606,31-05-70 20:23,Peru  ,-9.248,-78.84,73,7.9 Muk ,0.0,70000.0,66794.0,66794.0,,70000.0
607,607,14-07-71 06:11,Papua New Guinea ,-5.519,153.906,44.5,8.0 Mw ,0.0,1.0,2.0,,,2.0
608,608,15-09-76 09:21,Italy ,46.354,13.087,9.7,5.9 Ms ,0.0,0.0,2.0,,,2.0
609,609,21-04-77 04:24,Solomon Islands ,-10.009,160.816,45.1,7.3 Mw ,0.0,18.0,18.0,,,18.0
610,610,02-07-79 16:30,India ,34.525,74.291,35,4.5 mb ,0.0,3.0,,,,3.0
611,611,24-01-80 19:00,United States ,37.712,-121.728,15,5.8 Mw ,0.0,0.0,1.0,,,1.0
612,612,20-02-80 02:34,Italy ,39.291,16.152,8.2,4.8 ML ,0.0,1.0,,,,1.0
613,613,19-11-80 19:00,India ,27.392,88.795,38.5,6.3 Mw ,0.0,0.0,3.0,0.0,,3.0
614,614,30-11-80 07:41,Italy ,40.766,15.295,15.1,4.9 ML ,0.0,1.0,,,,1.0
615,615,18-02-81 08:28,South Africa ,-26.625,26.607,33,4.7 mb ,0.0,4.0,4.0,,,4.0
616,616,04-03-81 21:58,Greece ,38.197,23.3,14.9,6.2 Mw ,0.0,1.0,,,,1.0
617,617,10-03-81 15:16,Greece ,39.382,20.813,36.4,5.4 Mw ,0.0,2.0,2.0,2.0,,2.0
618,618,16-10-81 03:25,Chile ,-33.178,-73.033,44.9,7.1 Mw ,0.0,1.0,1.0,,,1.0
619,619,13-04-82 11:26,South Africa ,-27.926,26.783,5,5.0 mb ,0.0,1.0,1.0,,,1.0
620,620,13-02-83 01:40,China ,39.994,75.173,9,6.2 Mw ,0.0,0.0,1.0,,,1.0
621,621,25-02-83 18:22,Yugoslavia ,41.959,21.54,24,4.7 mb ,0.0,12.0,,12.0,,12.0
622,622,20-07-83 22:03,Italy ,37.502,15.151,33,4.4 mb ,0.0,1.0,,,,1.0
623,623,02-08-83 09:01,France ,49.15,6.698,0,3.5 ML ,0.0,1.0,1.0,,,1.0
624,624,25-01-84 19:36,United States ,47.5,-116,1,2.3 ML ,0.0,1.0,1.0,,,1.0
625,625,06-03-84 02:17,Japan ,29.372,138.871,459.1,7.4 Mw ,0.0,1.0,,,,1.0
626,626,22-04-84 17:39,Italy ,43.616,10.194,15,4.7 ML ,0.0,3.0,,,,3.0
627,627,11-05-84 10:41,Italy ,41.755,13.901,10.9,5.5 Mw ,0.0,3.0,,,,3.0
628,628,13-05-84 12:45,Bosnia and Herzegovina ,42.974,17.829,37,5.4 Mw ,0.0,1.0,1.0,,,1.0
629,629,20-06-84 14:12,Canada ,46.58,-80.8,1,3.4 Lg ,0.0,4.0,4.0,,,4.0
630,630,15-09-84 02:55,United States ,47.46,-115.987,1,2.8 ML ,0.0,1.0,,,,1.0
631,631,14-03-85 23:03,Italy ,41.631,14.263,14,4.3 ML ,0.0,1.0,,,,1.0
632,632,17-03-85 10:41,Chile  ,-32.712,-71.68,22,6.5 Mw ,0.0,1.0,,,,1.0
633,633,18-03-85 19:49,Philippines ,7.776,123.512,26.5,6.5 Mw ,0.0,2.0,,2.0,,2.0
634,634,09-04-85 01:56,Chile  ,-34.134,-71.535,38,7.1 Mw ,0.0,2.0,,,,2.0
635,635,12-03-86 16:32,United States ,47.47,-115.8,1,2.0 ML ,0.0,1.0,1.0,,,1.0
636,636,13-07-86 13:47,United States ,33.066,-117.84,15,5.8 Mw ,0.0,0.0,1.0,0.0,,1.0
637,637,18-07-86 17:22,Venezuela ,10.743,-69.424,8.3,5.4 Mw ,0.0,1.0,,1.0,,1.0
638,638,18-12-86 20:01,Poland ,50.304,19.235,10,2.8 ML ,0.0,3.0,3.0,,,3.0
639,639,22-01-87 05:10,Italy ,43.515,10.154,21,4.2 ML ,0.0,2.0,,,,2.0
640,640,08-02-87 18:33,Papua New Guinea ,-6.025,147.665,42.3,7.3 Mw ,0.0,3.0,3.0,1.0,,3.0
641,641,02-03-87 01:42,New Zealand  ,-38.015,176.921,15,6.5 Mw ,0.0,1.0,,1.0,,1.0
642,642,12-03-87 23:07,Poland ,51.369,20.206,10,2.6 ML ,0.0,3.0,3.0,,,3.0
643,643,02-05-87 20:43,Italy ,44.809,10.68,15,5.2 ML ,0.0,1.0,,,,1.0
644,644,18-06-87 10:01,Philippines ,17.324,121.353,13.9,5.9 Mw ,0.0,9.0,9.0,,,9.0
645,645,02-08-87 09:07,China ,25.002,115.566,11.2,4.9 mb ,0.0,0.0,3.0,0.0,,3.0
646,646,04-10-87 10:59,United States  ,34.02,-118.137,11.3,5.2 Mw ,0.0,1.0,,,,1.0
647,647,24-11-87 01:54,United States ,33.257,-115.756,15,6.0 Mw ,0.0,2.0,2.0,2.0,,2.0
648,648,05-01-88 06:41,South Africa ,-26.905,26.694,15,5.2 mb ,0.0,8.0,8.0,8.0,,8.0
649,649,11-02-88 15:25,United States ,34.08,-118.05,12,4.8 ML ,0.0,1.0,,,,1.0
650,650,10-08-88 04:38,Solomon Islands ,-10.32,160.933,34,7.5 Mw ,0.0,1.0,1.0,1.0,,1.0
651,651,02-09-88 07:26,Czech Republic ,49.886,18.489,10,3.8 ML ,0.0,3.0,3.0,,,3.0
652,652,10-03-89 14:14,Papua New Guinea ,-4.332,152.842,49.6,5.8 Mw ,0.0,1.0,1.0,,,1.0
653,653,27-05-89 20:08,Iran ,30.148,50.892,15,6.0 Mw ,0.0,0.0,,100.0,,100.0
654,654,26-06-89 03:27,United States Minor Outlying Islands ,19.417,-155.149,9,6.4 Mw ,0.0,0.0,,5.0,,5.0
655,655,01-08-89 00:18,Indonesia ,-4.48,138.983,14,6.1 Mw ,0.0,120.0,120.0,120.0,,120.0
656,656,22-09-89 02:25,China ,31.555,102.422,10.9,6.1 Mw ,0.0,0.0,1.0,0.0,,1.0
657,657,09-02-90 17:57,China ,31.745,120.982,11.9,5.0 mb ,0.0,0.0,2.0,,,2.0
658,658,05-05-90 07:21,Italy ,40.712,15.805,9.1,5.8 Mw ,0.0,2.0,,,,2.0
659,659,13-07-90 14:20,Afghanistan ,36.448,70.775,209.8,6.3 Mw ,0.0,43.0,43.0,,,43.0
660,660,26-09-90 23:08,South Africa ,-28.09,26.837,15,5.0 Mw ,0.0,2.0,2.0,,,2.0
661,661,18-10-90 09:30,South Africa ,-26.39,27.349,5,4.0 Lg ,0.0,10.0,10.0,10.0,,10.0
662,662,13-02-91 15:49,France ,44.885,6.76,5,3.8 ML ,0.0,9.0,9.0,,,9.0
663,663,25-03-91 18:02,China ,39.947,113.989,15,5.4 Mw ,0.0,0.0,1.0,,,1.0
664,664,03-05-91 20:19,Georgia ,42.68,43.245,3.7,5.6 Mw ,0.0,3.0,3.0,,,3.0
665,665,04-05-91 03:42,Panama ,9.547,-82.44,6.9,6.2 Mw ,0.0,0.0,2.0,0.0,,2.0
666,666,26-05-91 10:59,Malaysia ,5.858,116.652,48.6,5.1 mb ,0.0,1.0,,,,1.0
667,667,15-06-91 11:15,Philippines ,15.165,120.316,46.4,5.6 Mw ,0.0,137.0,,,,137.0
668,668,21-06-91 06:27,El Salvador ,13.408,-89.633,69.8,5.8 Mw ,0.0,1.0,1.0,,,1.0
669,669,14-02-92 17:28,South Africa ,-26.42,27.43,5,3.4 Lg ,0.0,4.0,4.0,,,4.0
670,670,07-03-92 01:53,Costa Rica ,10.228,-84.302,79,6.5 Mw ,0.0,1.0,,,,1.0
671,671,13-04-92 01:20,Netherlands ,51.181,5.844,18,5.4 Mw ,0.0,1.0,,1.0,,1.0
672,672,23-04-92 15:32,Burma ,22.407,98.848,7.9,6.1 Mw ,0.0,0.0,4.0,,,4.0
673,673,08-01-93 06:57,South Africa ,-28.028,26.8,5,2.7 ML ,0.0,6.0,6.0,,,6.0
674,674,26-03-93 11:58,Greece ,37.613,21.526,15,5.4 Mw ,0.0,0.0,,1.0,,1.0
675,675,22-06-93 16:32,Iran ,30.179,50.826,12.6,5.3 Mw ,0.0,0.0,,24.0,,24.0
676,676,11-10-93 15:54,Japan ,32.03,137.926,351,6.9 Mw ,0.0,1.0,,,,1.0
677,677,22-11-93 22:43,Nicaragua ,11.718,-86.084,112.6,5.9 Mw ,0.0,1.0,,,,1.0
678,678,30-11-93 20:37,China ,39.326,75.505,12.7,5.6 Mw ,0.0,0.0,2.0,,,2.0
679,679,26-05-94 08:26,Morocco ,35.25,-4.089,10,5.9 Mw ,0.0,0.0,2.0,,,2.0
680,680,01-09-94 07:11,South Africa ,-26.447,27.405,5,2.7 ML ,0.0,3.0,,,,3.0
681,681,03-02-95 15:26,United States ,41.488,-109.785,1,5.3 mb ,0.0,1.0,1.0,,,1.0
682,682,23-02-95 05:19,Taiwan ,24.233,121.706,43.6,6.2 Mw ,0.0,2.0,2.0,,,2.0
683,683,13-05-95 08:47,Greece ,40.144,21.718,14,6.6 Mw ,0.0,0.0,,26.0,,26.0
684,684,14-05-95 11:33,Indonesia ,-8.462,125.039,11,6.9 Mw ,0.0,11.0,11.0,,,11.0
685,685,25-06-95 06:59,Taiwan ,24.62,121.679,60.3,5.9 Mw ,0.0,1.0,1.0,,,1.0
686,686,19-12-95 20:56,Guatemala ,15.175,-90.171,15,5.3 Mw ,0.0,1.0,1.0,,,1.0
687,687,19-12-95 23:28,Indonesia ,-3.665,140.263,63,6.4 Mw ,0.0,2.0,2.0,,,2.0
688,688,21-02-96 12:51,Peru  ,-9.722,-79.868,15,7.5 Mw ,0.0,7.0,,,,7.0
689,689,14-08-96 01:55,Turkey ,40.697,35.293,25.8,5.7 Mw ,0.0,0.0,1.0,0.0,,1.0
690,690,22-01-97 17:57,Turkey ,36.199,35.902,46.1,5.7 Mw ,0.0,0.0,1.0,,,1.0
691,691,05-04-97 23:46,China ,39.525,76.83,15,5.9 Mw ,0.0,0.0,,9.0,,9.0
692,692,21-05-97 23:50,Spain ,42.83,-7.231,17.1,5.3 Mw ,0.0,1.0,,,,1.0
693,693,21-07-97 08:45,South Africa ,-26.857,26.619,5,5.0 mb ,0.0,15.0,15.0,15.0,,15.0
694,694,06-11-97 02:34,Canada ,46.771,-71.387,22.5,5.1 Lg ,0.0,1.0,1.0,,,1.0
695,695,30-01-98 12:16,Chile ,-23.85,-70.147,42,7.0 Mw ,0.0,1.0,,,,1.0
696,696,26-03-98 16:26,Italy ,43.224,12.919,10,5.4 Mw ,0.0,1.0,,,,1.0
697,697,12-04-98 10:55,Slovenia ,46.271,13.653,7.5,5.6 Mw ,0.0,1.0,,0.0,,1.0
698,698,17-07-98 08:49,Papua New Guinea  ,-2.946,142.52,23,7.0 Mw ,0.0,2683.0,2700.0,,,2700.0
699,699,29-07-98 07:14,Chile ,-32.327,-71.244,51,6.4 Mw ,0.0,2.0,,,,2.0
700,700,29-09-98 22:14,Serbia  ,44.203,20.094,15,5.5 Mw ,0.0,1.0,,0.0,,1.0
701,701,22-04-99 22:19,South Africa ,-27.953,26.679,6.5,5.7 mb ,0.0,2.0,2.0,,,2.0
702,702,04-06-99 09:12,Azerbaijan ,40.767,47.483,14,5.4 Mw ,0.0,0.0,,1.0,,1.0
703,703,07-11-99 16:54,Turkey ,40.695,30.724,16,4.9 Mw ,0.0,1.0,,,,1.0
704,704,26-01-00 20:55,China ,24.148,103.654,35,4.9 mb ,0.0,0.0,,1.0,,1.0
705,705,07-05-00 23:10,Turkey ,38.164,38.777,5,4.5 Md ,0.0,0.0,,1.0,,1.0
706,706,12-05-00 18:43,Argentina ,-23.754,-66.777,225,7.2 Mw ,0.0,1.0,1.0,,,1.0
707,707,10-06-00 18:23,Taiwan ,23.868,121.181,19,6.4 Mw ,0.0,2.0,,,,2.0
708,708,01-07-00 07:01,Japan ,34.222,139.171,12.5,6.1 Mw ,0.0,1.0,1.0,1.0,,1.0
709,709,07-07-00 00:15,Turkey ,40.857,29.344,7.8,4.2 Md ,0.0,1.0,,,,1.0
710,710,02-10-00 02:25,Tanzania ,-7.965,30.806,34,6.4 Mw ,0.0,0.0,,1.0,,1.0
711,711,08-11-00 06:59,Colombia ,7.091,-77.811,17,6.5 Mw ,0.0,0.0,,2.0,,2.0
712,712,28-02-01 18:54,United States  ,47.09,-122.581,54,6.8 Mw ,0.0,0.0,,1.0,,1.0
713,713,21-06-01 19:55,France ,49.147,6.87,1,4.2 ML ,0.0,1.0,1.0,,,1.0
714,714,17-07-01 15:06,Italy ,46.723,11.234,5.7,4.7 Mw ,0.0,4.0,3.0,,,4.0
715,715,22-01-02 04:53,Greece ,35.624,26.645,88,6.2 Mw ,0.0,1.0,,,,1.0
716,716,01-04-02 06:14,Papua New Guinea ,-6.231,147.545,81.4,5.3 Mw ,0.0,36.0,36.0,,,36.0
717,717,22-04-02 04:57,Peru ,-12.428,-76.578,64.9,4.4 mb ,0.0,1.0,,,,1.0
718,718,06-09-02 01:21,Italy ,38.335,13.728,13,5.9 Mw ,0.0,2.0,,,,2.0
719,719,21-01-03 02:46,Guatemala ,13.623,-90.85,24,6.4 Mw ,0.0,1.0,,,,1.0
720,720,25-03-03 02:53,Indonesia ,-8.339,120.606,34,6.4 Mw ,0.0,4.0,4.0,,,4.0
721,721,04-05-03 15:44,China ,39.305,77.142,10,5.8 Mw ,0.0,1.0,,1.0,,1.0
722,722,25-09-03 19:50,Japan ,41.864,143.878,27,8.3 Mw ,0.0,0.0,,2.0,,2.0
723,723,27-09-03 11:33,Russian Federation ,50.031,87.817,12.3,7.3 Mw ,0.0,3.0,,3.0,,3.0
724,724,01-05-04 07:56,Taiwan ,24.058,121.6,27.3,5.2 Mw ,0.0,2.0,,,,2.0
725,725,12-07-04 13:04,Slovenia ,46.305,13.628,7.3,5.2 Mw ,0.0,1.0,,1.0,,1.0
726,726,05-07-05 16:53,South Africa ,-26.468,27.435,5,2.7 ML ,0.0,1.0,,,,1.0
727,727,20-10-05 21:40,Turkey ,38.158,26.753,7.7,5.8 Mw ,0.0,1.0,,,,1.0
728,728,14-02-06 00:55,India ,27.382,88.388,30,5.3 Mw ,0.0,2.0,,,,2.0
729,729,14-03-06 06:57,Indonesia ,-3.595,127.214,30,6.7 Mw ,0.0,4.0,,4.0,,4.0
730,730,25-04-06 11:26,Australia ,-41.164,146.863,4,2.2 ML ,0.0,1.0,,,,1.0
731,731,17-07-06 08:19,Indonesia  ,-9.254,107.411,34,7.7 Mw ,0.0,730.0,,,,730.0
732,732,22-07-06 01:10,China  ,27.995,104.138,55,4.9 Mw ,0.0,22.0,,22.0,,22.0
733,733,01-12-06 14:01,Indonesia ,-8.251,118.777,43,6.3 Mw ,0.0,1.0,,,,1.0
734,734,01-04-07 20:39,Solomon Islands,-8.43,157.06,10,8.1 Mw ,0.0,54.0,,,,54.0
735,735,21-04-07 17:53,Chile  ,-45.24,-72.67,36.7,6.2 Mw ,0.0,10.0,,10.0,,10.0
736,736,20-12-07 07:55,New Zealand  ,-39.011,178.291,20,6.6 Mw ,0.0,1.0,,,,1.0
737,737,24-05-08 19:20,Colombia ,4.33,-73.764,8,5.9 Mw ,0.0,6.0,,,,6.0
738,738,06-06-08 20:02,Algeria ,35.883,-0.658,4,5.5 Mw ,0.0,1.0,,,,1.0
739,740,12-07-00 06:25,Turkey ,40.3,43.1,,5.9 Muk ,,,140.0,,,
740,743,31-03-01 07:11,Bulgaria ,43.4,28.7,,6.4 Muk ,,,4.0,,,
741,745,15-11-01 20:15,New Zealand  ,-43,173,0,6.8 Ms ,,,1.0,,,
742,746,30-01-02 14:01,Japan ,40.5,141.3,35,6.9 Ms ,,,1.0,,,
743,747,13-02-02 09:39,Azerbaijan ,40.7,48.6,15,6.9 Muk ,,,86.0,,,
744,748,09-03-02 07:46,Turkey ,40.7,33.6,,5.5 Muk ,,,4.0,,,
745,749,19-04-02 02:23,Guatemala  ,14,-91,0,7.5 Mw ,,,2000.0,2000.0,,
746,752,19-09-02,Australia ,-35,138,2,6.0 ML ,,,2.0,,,
747,753,16-12-02 05:07,Uzbekistan ,40.8,72.3,9,6.4 Muk ,,,4725.0,,,
748,754,29-03-03 22:30,Judea and Samaria ,32.2,35.3,,5.7 Muk ,,,20.0,,,
749,755,28-04-03,Turkey  ,39.14,42.65,,7.0 Ms ,,,,,3500.0,
750,756,28-05-03 03:58,Turkey ,40.9,42.7,,5.8 Muk ,,,1000.0,,,
751,757,11-08-03 04:32,Greece ,36.36,22.97,80,8.3 Muk ,,,2.0,,,
752,758,25-09-03 01:20,Iran ,35.2,58.2,,6.5 Muk ,,,200.0,,,
753,759,24-04-04 06:39,Taiwan ,23.5,120.5,,6.0 Muk ,,,3.0,,,
754,760,11-08-04 05:56,Greece ,37.75,27,10,6.2 Muk ,,,4.0,,,
755,761,30-08-04 11:42,China ,30,101,0,6.8 Ms ,,,565.0,,,
756,762,05-11-04 20:25,Taiwan  ,23.5,120.3,,6.3 Muk ,,,145.0,,,
757,763,04-04-05 00:50,India ,33,76,0,7.8 Mw ,,,20000.0,20000.0,,
758,764,01-06-05 04:42,Albania ,42.1,19.6,20,6.6 Muk ,,,120.0,,,
759,765,02-06-05 05:39,Japan ,34.1,132.5,55,7.0 mb ,,,11.0,,,
760,766,08-09-05 01:43,Italy  ,39,16,0,6.8 Ms ,,,557.0,2500.0,,
761,768,31-01-06 15:36,Ecuador  ,1,-81.5,0,8.8 Muk ,,,1000.0,400.0,,
762,769,16-03-06 22:42,Taiwan  ,23.6,120.4,5,6.8 Ms ,,,1258.0,,,
763,770,13-04-06 19:18,Taiwan ,23.6,120.4,5,7.1 MJMA ,,,15.0,,,
764,771,18-04-06 13:12,United States  ,38,-123,0,7.8 Muk ,,,700.0,2000.0,,
765,772,17-08-06 00:40,Chile  ,-33,-72,0,8.2 Muk ,,,3760.0,20000.0,,
766,773,22-12-06 18:21,China ,43.5,85,0,7.2 Mw ,,,285.0,,,
767,774,04-01-07 05:19,Indonesia ,2,94.5,50,7.5 Mw ,,,400.0,,,
768,775,14-01-07 21:36,Jamaica  ,18.2,-76.7,,6.5 Muk ,,,1000.0,,,
769,776,15-04-07 06:08,Mexico ,17,-100,0,7.9 Mw ,,,28.0,,,
770,777,18-04-07 20:59,Philippines ,14,123,0,7.1 Mw ,,,2.0,,,
771,778,21-10-07 04:23,Tajikistan  ,38,69,0,7.2 Mw ,,,15000.0,12000.0,,
772,779,11-01-08 03:35,Taiwan ,23,121.1,5,6.8 Ms ,,,2.0,,,
773,780,28-12-08 04:20,Italy  ,38,15.5,0,7.2 Ms ,,,82000.0,75000.0,,
774,781,19-01-09 04:56,Turkey ,38.6,26.9,,5.8 Muk ,,,8.0,,,
775,782,23-01-09,Iran  ,33,50,,7.3 Muk ,,,,,8000.0,
776,784,14-04-09 19:53,Taiwan ,25,122.5,5,7.1 mb ,,,9.0,,,
777,785,23-04-09 17:39,Portugal ,38.9,-8.8,,6.6 Muk ,,,30.0,,,
778,786,11-05-09 15:54,China ,24.4,103,,6.5 Muk ,,,19.0,,,
779,787,03-06-09 18:40,Indonesia ,-2,101,0,7.2 Mw ,,,200.0,,,
780,788,11-06-09,France  ,43.7,5.4,,6.2 Ms ,,,,,46.0,
781,789,14-08-09 06:31,Japan ,35.4,136.3,5,6.7 Ms ,,,41.0,,,
782,790,20-10-09 23:41,Pakistan ,30,68,0,7.0 Ms ,,,231.0,,,
783,791,10-11-09 06:13,Japan ,32.3,131.1,150,7.5 mb ,,,2.0,,,
784,792,08-01-10 14:49,China ,35,122,0,6.8 Muk ,,,1.0,,,
785,793,18-02-10 05:09,Greece ,36,24.5,150,6.9 mb ,,,6.0,,,
786,794,12-04-10 00:22,Japan ,25,123,200,7.6 mb ,,,20.0,,,
787,795,24-06-10 13:27,Algeria ,36.1,3.4,33,6.4 Muk ,,,81.0,,,
788,796,03-01-11 23:25,Kazakhstan  ,43.5,77.5,0,7.8 Mw ,,,450.0,,,
789,797,18-02-11 18:41,Kyrgyzstan ,40,73,0,7.2 Mw ,,,90.0,,,
790,798,18-04-11 18:14,Iran ,32,56,50,6.7 Muk ,,,700.0,,,
791,799,07-06-11 11:02,Mexico ,17.5,-102.5,0,7.6 Mw ,,,1300.0,,,
792,800,15-06-11 14:26,Japan ,28,130,90,8.1 mb ,,,12.0,,,
793,802,06-05-12 19:00,Iceland ,64,-20,0,7.0 Ms ,,,1.0,,,
794,804,09-08-12 01:29,Turkey  ,40.5,27,0,7.6 Mw ,,,2836.0,923.0,,
795,805,19-11-12 13:55,Mexico ,19.83,-99.92,15,6.7 Ms ,,,,,164.0,
796,807,14-06-13 09:33,Bulgaria ,43.5,25.5,0,6.8 Muk ,,,500.0,,,
797,809,04-11-13 21:33,Peru ,-14.2,-72.9,10,6.3 Muk ,,,150.0,,,
798,810,21-12-13 15:37,China ,24.5,102,0,7.2 Mw ,,,1314.0,,,
799,811,12-01-14 09:28,Japan ,31.6,130.6,5,6.7 Ms ,,,35.0,,,
800,812,14-03-14 20:00,Japan ,39.5,140.4,5,7.0 Ms ,,,94.0,,,
801,813,08-05-14 18:01,Italy ,37.7,15.2,,4.9 Muk ,,,69.0,,,
802,815,25-06-14 19:07,Indonesia ,-4.5,102.5,0,7.6 Mw ,,,,20.0,,
803,817,03-10-14 22:06,Turkey  ,37.5,32.5,0,7.1 Mw ,,,4000.0,,,
804,818,13-01-15 06:52,Italy  ,42,13.5,0,6.9 Ms ,,,32610.0,29980.0,,
805,819,17-03-15 18:45,Japan ,42.1,143.6,35,7.2 mb ,,,2.0,,,
806,820,23-06-15 04:56,United States ,32.8,-115.5,,6.2 Muk ,,,6.0,,,
807,821,07-09-15 01:20,El Salvador ,14,-89,80,7.4 mb ,,,7.0,,,
808,822,03-12-15 02:39,China ,29.5,91.5,0,7.0 Ms ,,,170.0,,,
809,823,28-08-16 07:27,Taiwan  ,23.9,120.5,5,7.2 MJMA ,,,16.0,,,
810,824,14-11-16 22:31,Taiwan  ,24,121,,6.0 Muk ,,,1.0,,,
811,825,04-01-17 16:55,Taiwan,21.9,120.9,0,6.5 Ms ,,,54.0,,,
812,826,21-01-17 23:11,Indonesia ,-7,116,,6.6 Muk ,,,15000.0,,,
813,828,31-01-17 03:39,Philippines ,6,125,,6.4 Muk ,,,7.0,,,
814,829,30-07-17 23:54,China ,29,104,0,7.3 Mw ,,,1879.0,1800.0,,
815,831,13-02-18 06:07,China  ,23.54,117.243,15,7.2 Mw ,,,,10000.0,,
816,832,21-04-18 22:32,United States ,33.812,-117.44,15,6.8 Muk ,,,1.0,,,
817,833,15-08-18 12:18,Philippines ,5.653,123.563,35,8.2 Mw ,,,,100.0,,
818,834,07-09-18 17:15,Russian Federation ,46.812,150.253,242.4,7.6 mb ,,,24.0,,,
819,835,11-10-18 14:14,Puerto Rico  ,18.473,-67.631,35,7.3 Mw ,,,116.0,116.0,,
820,837,05-06-20 04:21,Taiwan ,23.813,122.08,35,7.9 Mw ,,,5.0,,,
821,838,04-01-20 04:22,Mexico ,19.27,-97.08,15,6.2 Ms ,,,,,1500.0,
822,839,20-02-20 11:45,Georgia  ,42,44.1,11,6.2 Muk ,,,130.0,,,
823,840,07-09-20 05:55,Italy ,44.3,10.3,10,5.8 Muk ,,,171.0,,,
824,841,16-12-20 12:05,China  ,36.601,105.317,25,8.6 Ms ,,,235502.0,180000.0,,
825,842,17-12-20 18:59,Argentina  ,-32.7,-68.4,10,6.0 Muk ,,,400.0,,,
826,844,11-11-21 18:36,Philippines ,7.897,127.257,35,7.3 Mw ,,,600.0,,,
827,845,26-04-22 01:11,Japan ,35.2,139.8,35,6.8 MJMA ,,,2.0,,,
828,846,01-09-22 19:16,Taiwan ,24.506,122.04,35,7.5 Mw ,,,5.0,,,
829,847,14-10-22 23:45,Taiwan ,24.5,122,35,6.9 MJMA ,,,6.0,,,
830,848,11-11-22 04:32,Chile  ,-28.553,-70.755,35,8.7 Mw ,,,1000.0,1000.0,,
831,849,07-12-22 16:50,Japan ,32.7,130.1,5,6.9 MJMA ,,,26.0,,,
832,852,24-03-23 12:40,China ,30.553,101.258,25,7.2 Mw ,,,450.0,5000.0,,
833,853,13-04-23 15:31,Russian Federation ,55.415,162.585,35,7.1 Mw ,,,18.0,,,
834,854,25-05-23 22:21,Iran ,35.2,59.2,,5.7 Muk ,,,2219.0,,,
835,855,01-09-23 02:58,Japan  ,35.405,139.084,35,7.9 Muk ,,,142807.0,143000.0,105000.0,
836,856,09-09-23 22:03,Bangladesh ,24.943,90.32,35,7.1 Ms ,,,50.0,,,
837,857,17-09-23 07:09,Iran ,37.2,57.7,,6.4 Muk ,,,157.0,,,
838,858,22-09-23 20:47,Iran ,29.12,56.928,35,6.9 Muk ,,,290.0,,,
839,859,14-12-23 10:31,Colombia ,1,-77.5,,5.3 Muk ,,,300.0,,,
840,860,14-01-24 20:50,Japan ,35.5,139.2,5,7.3 MJMA ,,,19.0,,,
841,861,03-03-24 08:01,Ecuador ,-1.6,-78.6,,6.9 Muk ,,,40.0,,,
842,863,03-07-24 04:40,China ,36.632,83.903,35,7.1 Mw ,,,255.0,,,
843,864,12-07-24 15:12,Kyrgyzstan ,40.565,73.397,25,6.8 Muk ,,,41.0,,,
844,865,13-09-24 14:34,Turkey  ,39.864,41.876,35,6.8 Muk ,,,30.0,,,
845,866,16-03-25 14:42,China ,25.688,100.494,25,7.0 Ms ,,,5808.0,5000.0,,
846,867,23-05-25 02:09,Japan ,35.6,134.8,5,6.8 Muk ,,,428.0,,,
847,868,29-06-25 14:42,United States ,34.5,-119.6,,6.2 Muk ,,,13.0,,,
848,869,14-12-25 00:00,Iran ,34.6,58.1,,5.5 Muk ,,,500.0,,,
849,870,18-12-25 05:53,Iran ,28.5,51.2,,5.5 Muk ,,,2.0,,,
850,872,26-06-26 19:46,Greece ,36.605,26.888,101.8,7.7 mb ,,,110.0,,,
851,873,28-06-26 03:23,Indonesia ,-0.051,101.522,35,6.8 Muk ,,,222.0,,,
852,874,22-10-26 19:59,Turkey  ,40.7,43.7,7,5.7 Muk ,,,370.0,,,
853,876,07-03-27 09:27,Japan ,35.802,134.924,9.6,7.6 Ms ,,,2925.0,2925.0,,
854,877,20-03-27 00:00,China ,24.1,102,,5.0 Muk ,,,7.0,,,
855,878,14-04-27 06:23,Argentina ,-32.477,-69.675,35,7.2 mb ,,,8.0,,,
856,879,22-05-27 22:32,China  ,37.386,102.311,25,7.9 Ms ,,,80000.0,200000.0,,
857,880,24-08-27 18:09,Taiwan ,23.118,120.237,35,6.8 Muk ,,,11.0,,,
858,882,31-03-28 00:29,Turkey ,38.1,27.1,,6.5 Muk ,,,170.0,,,
859,883,09-04-28 17:34,Peru ,-13.731,-70.628,35,6.8 Ms ,,,10.0,,,
860,884,14-04-28 09:00,Bulgaria ,42.402,25.667,15,6.8 Muk ,,,107.0,107.0,,
861,885,18-04-28 19:22,Bulgaria ,42.386,25.087,15,6.8 Muk ,,,103.0,,,
862,886,14-05-28 22:14,Peru ,-5.261,-78.559,35,7.2 Mw ,,,29.0,,,
863,887,21-08-28 19:01,Iran ,37.3,57.9,9,5.4 Muk ,,,10.0,,,
864,888,01-12-28 04:06,Chile ,-35.086,-71.683,35,7.7 Mw ,,,225.0,,,
865,889,19-12-28 11:37,Philippines ,6.977,124.856,35,7.3 Mw ,,,93.0,,,
866,891,01-05-29 15:37,Turkmenistan  ,37.957,57.693,25,7.1 Mw ,,,3257.0,3300.0,,
867,892,18-05-29 06:37,Turkey ,40.2,37.9,10,6.5 Muk ,,,64.0,,,
868,893,30-05-29 09:43,Argentina ,-34.768,-67.598,35,6.8 Muk ,,,52.0,,,
869,894,16-06-29 22:47,New Zealand  ,-41.831,172.292,35,7.5 Mw ,,,17.0,,,
870,895,13-07-29 07:36,Iran ,37.5,58,57,5.8 Muk ,,,5.0,,,
871,897,18-11-29 20:32,Saint Pierre and Miquelon  ,44.539,-56.008,15,7.3 Muk ,,,52.0,,,
872,898,05-05-30 13:45,Burma ,17.665,96.543,35,7.2 Mw ,,,550.0,500.0,,
873,899,06-05-30 22:34,Iran  ,38.152,44.685,25,7.1 Mw ,,,2514.0,2500.0,,
874,900,14-05-30 19:48,China ,26.8,103,,6.0 Muk ,,,42.0,,,
875,901,23-07-30 00:08,Italy  ,41.05,15.367,,6.6 Muk ,,,,,1404.0,
876,902,30-10-30 07:13,Italy ,43.75,13.5,,6.0 Muk ,,,18.0,,,
877,903,21-11-30 02:00,Albania ,40.5,19.5,12,6.0 Muk ,,,35.0,,,
878,904,25-11-30 19:02,Japan ,34.977,139.103,35,6.9 Mw ,,,272.0,0.0,,
879,905,02-12-30 13:29,Albania ,40.3,19.6,4,5.0 Muk ,,,25.0,,,
880,906,03-12-30 18:51,Burma ,17.972,96.422,35,7.3 Mw ,,,22.0,36.0,,
881,907,08-12-30 08:01,Taiwan ,23.2,120.6,,6.3 Muk ,,,4.0,,,
882,908,24-12-30 06:02,Argentina ,-24.7,-66.3,30,6.0 Muk ,,,36.0,,,
883,909,25-12-30 19:03,Japan ,35.1,133,5,7.0 Muk ,,,272.0,,,
884,910,15-01-31 01:50,Mexico ,16.053,-96.614,35,7.8 Mw ,,,68.0,,,
885,911,02-02-31 22:46,New Zealand  ,-39.772,176.025,35,7.7 Mw ,,,256.0,256.0,,
886,912,10-02-31 06:34,Indonesia ,-5.433,102.458,35,7.1 Mw ,,,18.0,,,
887,913,08-03-31 01:50,Kingdom of Yugoslavia ,41.337,22.666,25,6.8 Muk ,,,35.0,,,
888,914,31-03-31 16:02,Nicaragua  ,13.2,-85.7,,5.6 Muk ,,,1000.0,,,
889,915,27-04-31 16:50,Armenia ,39.2,46,22,6.3 Muk ,,,390.0,,,
890,916,07-06-31 01:30,England  ,54.08,1.5,,6.1 Muk ,,,,,1.0,
891,917,10-08-31 21:18,China  ,46.571,89.965,35,7.9 Mw ,,,10000.0,,,
892,918,27-08-31 15:27,Pakistan ,29.473,67.172,35,7.1 Mw ,,,200.0,,,
893,919,21-09-31 02:20,Japan ,36.021,139.381,35,6.8 Muk ,,,16.0,,,
894,920,03-10-31 19:13,Solomon Islands ,-10.932,161.016,35,7.8 Mw ,,,50.0,,,
895,921,02-11-31 10:03,Japan ,32.003,131.945,42.2,7.5 Mw ,,,1.0,,,
896,922,03-02-32 06:16,Cuba ,19.77,-75.85,25,6.8 Muk ,,,8.0,,,
897,923,14-03-32 22:42,Venezuela ,8.149,-71.974,35,6.8 Muk ,,,6.0,,,
898,924,06-04-32 09:11,China ,31.4,115,15,6.0 Muk ,,,6.0,,,
899,925,14-05-32 13:11,Indonesia ,0.258,126.169,35,8.1 Mw ,,,5.0,6.0,,
900,926,21-05-32 10:10,Nicaragua ,12.364,-87.894,35,6.9 Muk ,,,10.0,,,
901,927,03-06-32 10:36,Mexico  ,19.457,-104.146,25,7.9 Mw ,,,60.0,,,
902,928,18-06-32 10:12,Mexico ,19.452,-103.632,54.3,7.9 Mw ,,,52.0,,,
903,929,22-06-32 12:59,Mexico ,19.028,-104.379,25,6.9 Muk ,,,75.0,,,
904,930,26-09-32 19:20,Greece  ,40.333,23.732,35,6.9 Muk ,,,491.0,,,
905,931,25-12-32 02:04,China  ,39.771,96.69,25,7.6 Mw ,,,275.0,,,
906,932,02-03-33 17:31,Japan  ,39.224,144.622,35,8.4 Muk ,,,3064.0,3008.0,,
907,933,11-03-33 01:55,United States  ,33.63,-118,,6.4 Mw ,,,,,120.0,
908,934,23-04-33 05:57,Greece ,36.516,27.15,35,6.8 Muk ,,,74.0,,,
909,935,24-06-33 21:54,Indonesia ,-5.522,104.434,35,7.3 Mw ,,,76.0,,,
910,936,25-08-33 07:50,China  ,31.81,103.541,25,7.3 Mw ,,,6865.0,,,
911,937,28-11-33 11:09,Iran ,32.1,56,27,6.3 Muk ,,,4.0,,,
912,938,12-01-34 13:31,China ,23.7,102.7,,6.0 Muk ,,,1.0,,,
913,939,15-01-34 08:43,Nepal  ,26.773,86.762,35,8.1 Muk ,,,10700.0,6000.0,,
914,940,04-01-35 14:41,Turkey  ,40.5,27.5,7,6.2 Muk ,,,5.0,,,
915,942,05-03-35 10:27,Iran ,36.3,53.3,,6.0 Muk ,,,60.0,,,
916,943,11-04-35 23:14,Iran ,36.432,53.621,35,6.8 Muk ,,,500.0,,,
917,944,20-04-35 22:02,Taiwan  ,24.364,120.613,35,7.1 Ms ,,,3276.0,3410.0,,
918,945,28-04-35 00:00,China ,29.4,102.3,,6.0 Muk ,,,2.0,,,
919,946,01-05-35,Turkey  ,40.38,43.41,7,6.2 Muk ,,,,,200.0,
920,947,30-05-35 21:32,Pakistan  ,28.894,66.176,35,8.1 Mw ,,,60000.0,60000.0,,
921,948,11-07-35 18:35,Japan ,35,138,10,6.3 Muk ,,,9.0,,,
922,949,09-01-36 09:23,Colombia ,1.1,-77.6,,7.0 Muk ,,,250.0,,,
923,950,07-02-36 08:56,China ,35.633,103.265,25,6.8 Muk ,,,42.0,,,
924,952,16-05-36 07:05,China ,28.675,103.684,25,6.8 Muk ,,,550.0,,,
925,953,01-08-36 06:24,China ,34.2,105.7,,6.0 Muk ,,,144.0,,,
926,954,17-08-36 00:00,China ,26.6,103,,5.5 Muk ,,,30.0,,,
927,955,23-08-36 21:12,Indonesia ,5.296,94.759,35,7.1 Ms ,,,91.0,9.0,,
928,956,26-07-37 03:47,Mexico ,18.523,-95.878,35,7.2 mb ,,,34.0,,,
929,957,31-07-37 20:35,China ,35.252,115.153,25,6.9 Muk ,,,3833.0,,,
930,958,20-08-37 11:59,Philippines ,14.318,121.547,35,7.3 Mw ,,,1.0,,,
931,959,23-12-37 13:18,Mexico ,17.431,-98.287,35,7.4 Mw ,,,4.0,,,
932,960,19-04-38 10:59,Turkey  ,39.439,34.015,35,6.8 Muk ,,,155.0,149.0,,
933,961,19-05-38 17:08,Indonesia ,-0.366,119.525,49.4,7.5 Mw ,,,8.0,,,
934,962,05-11-38 08:43,Japan ,37.009,142.045,35,7.9 Mw ,,,1.0,,,
935,963,25-01-39 03:32,Chile  ,-36.2,-72.2,0,7.7 Mw ,,,28000.0,30000.0,,
936,964,30-04-39 02:55,Solomon Islands ,-9.295,159.234,35,7.9 Mw ,,,12.0,,,
937,965,01-05-39 05:58,Japan ,39.839,139.969,35,7.0 Ms ,,,27.0,,,
938,966,22-06-39 19:19,Ghana ,5.18,-0.13,13,6.4 Muk ,,,22.0,,,
939,967,19-09-39 00:00,China ,24.4,102.5,,5.5 Muk ,,,1.0,,,
940,968,26-12-39 23:57,Turkey  ,39.77,39.533,35,7.8 Ms ,,,32968.0,32962.0,,
941,969,06-04-40 13:43,China ,23.9,102.3,,6.0 Muk ,,,181.0,,,
942,970,07-05-40 22:23,Georgia ,41.7,43.8,19,6.0 Muk ,,,5.0,,,
943,971,19-05-40 04:36,United States  ,33.222,-115.697,15,6.9 Muk ,,,9.0,9.0,,
944,972,24-05-40 16:33,Peru ,-11.119,-77.629,50.1,7.5 Mw ,,,250.0,249.0,,
945,973,19-06-40 00:00,China ,24.4,102.5,,5.5 Muk ,,,2.0,,,
946,974,01-08-40 15:08,Japan ,44.508,139.829,35,7.5 Mw ,,,10.0,,,
947,975,10-11-40 01:39,Romania  ,45.773,26.655,122,7.3 mb ,,,1000.0,980.0,,
948,976,11-01-41 08:32,Yemen ,16.4,43.5,,5.9 Muk ,,,1200.0,,,
949,977,16-02-41 16:38,Iran ,33.5,58.6,,6.3 Muk ,,,680.0,,,
950,978,15-04-41 19:09,Mexico ,18.677,-102.957,35,7.6 Mw ,,,90.0,,,
951,979,05-05-41 15:18,China ,47,127.2,,6.0 Muk ,,,132.0,,,
952,980,16-05-41 07:14,China ,23.514,99.408,25,6.9 Muk ,,,16.0,,,
953,982,10-09-41 21:53,Turkey  ,39.5,43.3,28,6.0 Muk ,,,500.0,,,
954,983,08-10-41 15:24,China ,31.7,102.3,,6.0 Muk ,,,139.0,,,
955,984,12-11-41 10:04,Turkey ,39.7,39.4,70,5.9 Muk ,,,15.0,,,
956,985,18-11-41 16:46,Japan ,32,132,0,7.7 Mw ,,,2.0,,,
957,986,16-12-41 19:19,Taiwan  ,23.251,120.391,35,7.1 Mw ,,,357.0,,,
958,988,01-02-42 17:30,China ,23.1,100.3,,6.8 Muk ,,,90.0,,,
959,989,14-05-42 02:13,Ecuador ,0.012,-79.902,35,7.8 Mw ,,,200.0,200.0,,
960,990,06-08-42 23:37,Guatemala ,13.78,-90.913,35,7.7 Mw ,,,38.0,,,
961,991,24-08-42 22:50,Peru ,-14.975,-74.92,35,7.7 Mw ,,,30.0,,,
962,992,27-08-42 06:14,Albania ,41.7,20.4,33,6.0 Muk ,,,43.0,,,
963,993,20-12-42 14:03,Turkey  ,40.671,36.45,35,7.2 Mw ,,,3000.0,3000.0,,
964,994,20-01-43 15:32,Turkey ,40.8,30.5,,6.6 Muk ,,,285.0,,,
965,995,22-02-43 09:20,Mexico ,17.75,-101.5,0,7.4 Mw ,,,11.0,,,
966,996,06-04-43 16:07,Chile ,-30.75,-72,0,8.2 Mw ,,,18.0,,,
967,997,20-06-43 15:33,Turkey  ,40.6,30.5,15,6.2 Muk ,,,336.0,,,
968,998,23-07-43 14:53,Indonesia ,-9.5,110,90,7.6 mb ,,,213.0,213.0,,
969,999,10-09-43 08:36,Japan  ,35.25,134,0,7.0 Mw ,,,1083.0,1083.0,,
970,1000,26-11-43 22:20,Turkey  ,41,34,0,7.5 Mw ,,,4020.0,2824.0,,
971,1001,02-12-43 05:08,Taiwan ,22.9,121.5,0,6.5 Ms ,,,3.0,,,
972,1002,15-01-44 23:49,Argentina  ,-31.25,-68.75,50,7.1 Mw ,,,8000.0,10000.0,,
973,1003,01-02-44 03:22,Turkey  ,41.5,32.5,0,7.2 Mw ,,,3959.0,3959.0,,
974,1004,09-03-44 22:12,China ,44,84,0,7.1 Ms ,,,4.0,,,
975,1005,05-04-44 00:00,Iran ,36.8,54.5,7,4.8 Muk ,,,20.0,,,
976,1006,06-10-44 21:34,Turkey ,39.4,26.7,,6.8 Ms ,,,30.0,,,
977,1007,07-12-44 04:35,Japan  ,33.75,136,0,8.1 Muk ,,,1251.0,998.0,,
978,1008,12-01-45 18:38,Japan  ,34.75,136.75,0,6.8 Ms ,,,2306.0,1961.0,,
979,1009,10-02-45 04:57,Japan ,41.25,142.5,50,7.1 Ms ,,,2.0,,,
980,1010,20-03-45 07:59,Turkey ,37.4,35.8,60,6.0 Muk ,,,300.0,,,
981,1011,13-09-45 11:17,Chile ,-33.25,-70.5,100,7.0 mb ,,,4.0,,,
982,1012,23-09-45 15:34,China ,39.5,119,,6.3 Muk ,,,600.0,,,
983,1013,27-11-45 21:56,Pakistan  ,24.5,63,0,8.0 Mw ,,,300.0,4000.0,,
984,1014,12-02-46 02:43,Algeria ,36,5,,6.0 Muk ,,,277.0,,,
985,1015,21-02-46 15:43,Turkey ,38.2,31.8,60,5.6 Muk ,,,12.0,,,
986,1016,01-04-46 12:28,United States  ,52.75,-163.5,0,7.3 Ms ,,,173.0,165.0,,
987,1017,31-05-46 03:12,Turkey  ,39.3,41.2,,5.9 Muk ,,,1300.0,,,
988,1018,23-06-46 17:13,Canada  ,49.75,-124.5,0,7.6 Mw ,,,1.0,,,
989,1019,02-08-46 19:18,Chile ,-26.5,-70.5,50,7.1 Ms ,,,2.0,,,
990,1020,04-08-46 17:51,Dominican Republic  ,19.25,-69,0,7.9 Mw ,,,100.0,73.0,,
991,1022,04-11-46 21:47,Turkmenistan ,39.75,54.5,0,7.1 Mw ,,,400.0,,,
992,1023,10-11-46 17:42,Peru ,-8.5,-77.5,0,6.8 Mw ,,,1400.0,1400.0,,
993,1024,04-12-46 22:46,Taiwan  ,22.5,122.5,0,6.6 Ms ,,,74.0,,,
994,1025,20-12-46 19:19,Japan  ,32.5,134.5,0,8.1 Muk ,,,1330.0,2000.0,,
995,1026,26-03-47 20:48,China ,25,102,,5.5 Muk ,,,4.0,,,
996,1027,23-09-47 12:28,Iran ,33,59,0,6.8 Muk ,,,500.0,,,
997,1028,26-09-47 16:01,Japan ,24.75,123,110,7.4 mb ,,,5.0,,,
998,1030,01-11-47 14:58,Peru ,-10.5,-75,0,7.7 Mw ,,,233.0,233.0,,
999,1031,24-01-48 17:46,Philippines ,10.5,122,0,8.1 Mw ,,,72.0,27.0,,
1000,1032,11-05-48 08:55,Peru ,-17.5,-70.25,70,7.4 mb ,,,4.0,,,
1001,1033,25-05-48 07:11,China ,29.5,100.5,0,7.2 Mw ,,,737.0,,,
1002,1034,28-05-48 05:36,Peru ,-13,-76.5,60,7.0 Muk ,,,4.0,,,
1003,1035,15-06-48 11:44,Japan ,33.75,135.25,0,6.9 Muk ,,,2.0,,,
1004,1036,27-06-48 00:08,China ,26.4,99.7,,6.8 Muk ,,,280.0,,,
1005,1037,28-06-48 07:13,Japan  ,36.5,136,0,7.0 Mw ,,,3769.0,5131.0,,
1006,1038,30-06-48 12:21,Greece ,38.5,20.5,33,6.4 Muk ,,,6.0,,,
1007,1039,25-08-48 06:09,Argentina  ,-24.5,-65,50,6.9 Ms ,,,5.0,,,
1008,1040,05-10-48 20:12,Turkmenistan  ,37.5,58,0,7.2 Mw ,,,19800.0,110000.0,,
1009,1041,08-10-48 19:01,China ,27.4,104,,5.8 Muk ,,,9.0,,,
1010,1042,04-12-48 00:22,Mexico ,22,-106.5,0,6.9 Muk ,,,4.0,,,
1011,1043,23-02-49 16:08,China ,41,83.5,0,7.3 Mw ,,,12.0,,,
1012,1044,13-04-49 19:55,United States  ,47.25,-122.5,60,6.5 Ms ,,,8.0,8.0,,
1013,1045,20-04-49 03:29,Chile ,-38,-73.5,70,7.1 mb ,,,57.0,,,
1014,1046,10-07-49 03:53,Tajik Soviet Socialist Republic  ,39,70.5,0,7.6 Mw ,,,12000.0,,,
1015,1047,23-07-49 15:03,Turkey ,38.6,26.3,0,6.8 Muk ,,,7.0,,,
1016,1048,05-08-49 19:08,Ecuador  ,-1.5,-78.25,0,6.8 Muk ,,,6000.0,6000.0,,
1017,1049,17-08-49 18:44,Turkey  ,39.5,40.6,0,6.8 Muk ,,,320.0,437.0,,
1018,1050,17-12-49 06:53,Chile  ,-54,-71,0,7.8 Mw ,,,1.0,,,
1019,1051,17-12-49 15:07,Chile ,-54,-71,0,7.8 Mw ,,,3.0,,,
1020,1052,29-12-49 03:03,Philippines ,18,121,0,7.2 Mw ,,,15.0,,,
1021,1053,21-05-50 18:37,Peru ,-13.5,-72,,6.0 Muk ,,,120.0,,,
1022,1054,19-06-50 12:36,Indonesia ,-6.25,112,0,6.8 Muk ,,,16.0,,,
1023,1055,03-08-50 22:18,Venezuela ,10.5,-68,8,6.8 Muk ,,,100.0,,,
1024,1056,15-08-50 14:09,China  ,28.5,96.5,0,8.6 Muk ,,,3300.0,1500.0,,
1025,1057,09-12-50 21:38,Chile ,-23.5,-67.5,100,7.7 mb ,,,4.0,,,
1026,1058,09-07-51 00:04,Mexico ,16.1,-96.8,50,6.2 Muk ,,,1.0,,,
1027,1059,13-08-51 18:33,Turkey  ,40.8,33.4,0,6.7 Muk ,,,50.0,,,
1028,1060,21-10-51 21:34,Taiwan  ,23.75,121.5,0,7.5 Mw ,,,68.0,,,
1029,1061,24-11-51 18:50,Taiwan  ,23,122.5,0,7.3 Mw ,,,17.0,,,
1030,1062,03-01-52 06:03,Turkey  ,39.9,41.7,,6.0 Muk ,,,103.0,,,
1031,1063,04-03-52 01:22,Japan ,42.5,143,0,8.1 Mw ,,,33.0,30.0,,
1032,1064,11-06-52 00:31,Argentina  ,-31.581,-68.467,25,6.5 Ms ,,,5.0,,,
1033,1065,17-07-52 16:09,Japan ,34.4,135.8,64,6.8 Muk ,,,9.0,,,
1034,1066,21-07-52 11:52,United States  ,34.949,-119.046,10,7.3 Muk ,,,12.0,14.0,,
1035,1067,17-08-52 16:02,China ,30.797,91.648,10,7.7 Mw ,,,54.0,,,
1036,1068,22-08-52 22:41,United States ,35.333,-118.917,16,5.8 Muk ,,,2.0,,,
1037,1069,22-10-52 00:00,Turkey ,36.5,35.5,,5.0 Muk ,,,10.0,,,
1038,1071,25-01-53 19:47,Haiti ,18.4,-73.4,,5.7 Muk ,,,2.0,,,
1039,1072,12-02-53 08:15,Iran ,35.4,55.1,,6.4 Muk ,,,973.0,,,
1040,1073,18-03-53 19:06,Turkey  ,40.12,27.621,15,7.2 Mw ,,,1103.0,1200.0,,
1041,1074,06-05-53 17:16,Chile ,-37.254,-72.92,68.4,7.5 mb ,,,19.0,,,
1042,1075,12-08-53 09:23,Greece  ,38.046,20.766,15,7.2 Mw ,,,800.0,455.0,,
1043,1076,10-09-53 04:06,Cyprus ,35,32.5,,6.5 Muk ,,,40.0,,,
1044,1077,14-09-53 00:26,Fiji  ,-18.3,178.2,33,6.8 Muk ,,,8.0,,,
1045,1078,12-12-53 17:31,Peru ,-3.597,-80.847,19,7.5 Mw ,,,7.0,7.0,,
1046,1079,11-02-54 00:30,China ,38.876,101.212,35,7.1 Mw ,,,47.0,,,
1047,1080,30-04-54 13:02,Greece ,39.187,22.239,25,6.8 Ms ,,,31.0,,,
1048,1081,02-07-54 02:45,Philippines ,13,123.9,0,6.8 Ms ,,,22.0,13.0,,
1049,1082,20-08-54 15:30,Iran ,27.5,52,,5.0 Muk ,,,1.0,,,
1050,1083,09-09-54 01:04,Algeria ,36.2,1.6,0,6.7 Ms ,,,1409.0,1250.0,,
1051,1084,31-03-55 18:17,Philippines ,7.386,122.878,54.2,7.7 Mw ,,,465.0,400.0,,
1052,1085,14-04-55 01:29,China ,29.981,101.613,10,7.5 Mw ,,,94.0,39.0,,
1053,1086,15-04-55 03:40,China ,39.816,74.64,35,7.1 Mw ,,,5.0,,,
1054,1087,19-04-55 20:24,Chile ,-29.9,-71.6,0,6.9 Ms ,,,1.0,,,
1055,1088,21-04-55 07:18,Greece ,39.5,23,,6.0 Muk ,,,7.0,,,
1056,1089,16-07-55 07:07,Turkey ,37.6,27.2,0,6.8 Ms ,,,23.0,,,
1057,1090,12-09-55 06:09,Egypt ,32.2,29.6,33,6.7 Ms ,,,18.0,20.0,,
1058,1091,01-09-55 17:33,Costa Rica ,10,-84.5,,5.8 Muk ,,,10.0,,,
1059,1092,23-09-55 15:06,China ,26.6,101.7,0,6.9 Ms ,,,593.0,,,
1060,1093,12-01-56 05:46,Hungary ,47.5,19.3,,5.8 Muk ,,,2.0,,,
1061,1094,20-02-56 20:31,Turkey ,40,30.5,,5.8 Muk ,,,4.0,,,
1062,1095,16-03-56 19:32,Syrian Arab Republic ,35.5,35.5,,5.8 Muk ,,,148.0,,,
1063,1096,09-06-56 23:13,Afghanistan ,35.042,67.479,35,7.6 Mw ,,,350.0,100.0,,
1064,1097,09-07-56 03:11,Greece ,36.617,26.026,35,7.8 Mw ,,,53.0,,,
1065,1098,16-07-56 15:07,Burma ,21.969,95.802,32.1,7.1 Mw ,,,38.0,,,
1066,1099,21-07-56 15:32,India ,23,70,,6.1 Muk ,,,111.0,,,
1067,1100,29-09-56 23:20,Japan ,35.642,140.31,67,6.9 Ms ,,,1.0,,,
1068,1101,31-10-56 14:03,Iran ,27.283,54.405,35,6.8 Ms ,,,410.0,,,
1069,1102,20-02-57 04:41,Tunisia ,36.2,8.9,,5.6 Muk ,,,13.0,,,
1070,1103,23-02-57 20:26,Taiwan ,23.917,121.517,56.8,7.2 Mw ,,,7.0,,,
1071,1104,08-03-57 12:21,Greece ,39.267,22.607,10,6.9 Ms ,,,2.0,,,
1072,1105,25-04-57 02:25,Turkey ,36.387,28.609,63.4,7.0 mb ,,,67.0,,,
1073,1106,26-05-57 06:33,Turkey  ,40.672,31.042,15,7.2 Mw ,,,500.0,53.0,,
1074,1107,02-07-57 00:42,Iran ,36.09,52.701,35,7.1 Mw ,,,1200.0,2500.0,,
1075,1108,28-07-57 08:40,Mexico ,16.881,-99.297,37.2,7.8 Mw ,,,160.0,160.0,,
1076,1109,04-12-57 03:37,Mongolia ,45.153,99.206,35,8.1 Muk ,,,,,,
1077,1110,13-12-57 01:45,Iran ,34.278,47.712,35,6.8 Ms ,,,2000.0,3000.0,,
1078,1111,15-01-58 19:14,Peru ,-16.779,-72.503,68.6,7.0 mb ,,,28.0,28.0,,
1079,1112,19-01-58 14:07,Ecuador ,1.054,-79.48,35,7.8 Mw ,,,20.0,,,
1080,1114,11-03-58 00:26,Japan ,24.433,124.351,109.9,7.2 mb ,,,2.0,,,
1081,1115,14-04-58 21:32,Ecuador ,0.706,-79.575,35,6.8 Ms ,,,3.0,,,
1082,1116,10-07-58 06:15,US Territory of Alaska ,58.37,-136.665,35,7.3 Muk ,,,5.0,,,
1083,1117,16-08-58 19:13,Iran ,34.259,47.869,35,6.7 Ms ,,,200.0,191.0,,
1084,1118,04-09-58 21:51,Chile ,-33.785,-70.112,35,6.8 Ms ,,,7.0,,,
1085,1119,20-10-58 01:12,Indonesia ,-9.5,112.5,100,6.7 Muk ,,,7.0,,,
1086,1120,26-04-59 20:40,Japan ,24.687,122.792,126.3,7.5 mb ,,,1.0,,,
1087,1121,04-05-59 07:15,Russian Federation ,53.351,159.645,35,8.0 Mw ,,,1.0,,,
1088,1122,24-05-59 19:17,Mexico ,17.45,-97.145,69.6,7.0 mb ,,,5.0,,,
1089,1123,14-06-59 00:12,Chile ,-20.369,-68.881,111.6,7.5 mb ,,,1.0,,,
1090,1124,15-08-59 08:57,Taiwan  ,21.952,120.97,25,7.2 Mw ,,,17.0,,,
1091,1125,18-08-59 06:37,United States  ,44.548,-110.636,15,7.3 Muk ,,,28.0,28.0,,
1092,1126,26-08-59 08:25,Mexico ,18.16,-94.417,32.4,6.9 Ms ,,,25.0,,,
1093,1127,01-09-59 11:37,Albania ,40.9,19.8,11,6.1 Muk ,,,2.0,,,
1094,1128,13-01-60 15:40,Peru ,-15.814,-72.788,95.4,7.5 mb ,,,63.0,57.0,,
1095,1129,15-01-60 09:30,Peru ,-14.961,-75.162,97.2,6.9 mb ,,,63.0,,,
1096,1130,21-02-60 08:13,Algeria ,36,4.1,33,5.6 Muk ,,,47.0,,,
1097,1131,29-02-60 23:40,Morocco  ,30.5,-9.5,,5.7 Mw ,,,13100.0,,,
1098,1132,24-04-60 12:14,Iran ,28,54.5,,6.0 Muk ,,,420.0,,,
1099,1134,22-05-60 19:11,Chile  ,-38.235,-73.047,35,9.5 Muk ,,,5700.0,6000.0,,
1100,1135,22-09-60 09:05,Democratic Republic of the Congo ,-3.6,29,28,6.6 Muk ,,,24.0,,,
1101,1136,20-11-60 22:02,Peru ,-6.727,-80.606,52,7.8 Mw ,,,11.0,,,
1102,1137,26-02-61 18:10,Japan ,31.632,131.548,49.9,7.7 Mw ,,,2.0,,,
1103,1138,01-06-61 23:29,Ethiopia ,10.44,39.858,23.9,6.6 Muk ,,,30.0,,,
1104,1139,11-06-61 05:10,Iran ,27.865,54.558,35,6.8 Ms ,,,61.0,,,
1105,1140,19-08-61 05:33,Japan ,36.07,136.7,35,6.9 Ms ,,,8.0,,,
1106,1141,20-12-61 13:25,Colombia ,4.587,-75.542,162.9,6.9 Ms ,,,23.0,,,
1107,1142,08-01-62 01:00,Dominican Republic ,18.291,-70.461,32.6,6.7 Ms ,,,1.0,,,
1108,1143,11-05-62 14:11,Mexico ,17.171,-99.651,35,7.3 Mw ,,,4.0,,,
1109,1144,19-05-62 14:58,Mexico ,17.008,-99.764,35,6.7 Ms ,,,30.0,,,
1110,1145,30-07-62 20:19,Colombia ,5.096,-76.626,150,6.9 Ms ,,,47.0,,,
1111,1146,28-08-62 10:59,Greece ,37.874,22.737,107.7,6.8 Ms ,,,1.0,,,
1112,1147,01-09-62 19:20,Iran  ,35.556,49.81,17.6,6.9 Ms ,,,12225.0,12000.0,,
1113,1148,13-02-63 08:50,Taiwan ,24.356,122.06,35,7.3 Mw ,,,15.0,,,
1114,1149,16-07-63 18:27,Georgia ,43.163,41.527,35,6.7 Ms ,,,2.0,,,
1115,1150,24-09-63 16:30,Peru ,-10.694,-78.212,65.3,6.9 mb ,,,1.0,,,
1116,1151,26-06-63 04:17,Macedonia  ,? ,?? ,? ,6.1 Mw ,,1100.0,,,,
1117,1152,08-01-64 22:30,Indonesia ,-3.737,119.419,60,5.5 mb ,,,8.0,,,
1118,1153,18-01-64 12:04,Taiwan  ,23.15,120.656,21,6.4 mb ,,,106.0,107.0,,
1119,1154,28-03-64 03:36,United States  ,61.017,-147.648,6.6,9.2 Muk ,,,131.0,131.0,,
1120,1155,02-04-64 01:11,Indonesia ,5.987,95.404,129.2,5.6 mb ,,,110.0,,,
1121,1156,07-05-64 05:45,Tanzania ,-3.93,35.112,31.6,6.3 mb ,,,1.0,4.0,,
1122,1157,14-06-64 12:15,Turkey ,38.08,38.475,10.4,5.5 mb ,,,8.0,,,
1123,1158,16-06-64 04:01,Japan  ,38.434,139.226,13.1,7.5 Muk ,,,26.0,25.0,,
1124,1159,06-07-64 07:22,Mexico ,18.194,-100.51,92.7,7.2 mb ,,,30.0,,,
1125,1160,06-10-64 14:31,Turkey ,40.25,28.208,31,6.0 mb ,,,23.0,23.0,,
1126,1161,24-01-65 00:11,Indonesia  ,-2.455,125.965,28.4,8.2 Mw ,,,71.0,,,
1127,1162,23-02-65 22:11,Chile ,-25.667,-70.71,38.5,6.5 Ms ,,,1.0,,,
1128,1163,09-03-65 17:57,Greece ,39.229,23.825,4.7,5.6 mb ,,,2.0,38.0,,
1129,1164,28-03-65 16:33,Chile ,-32.492,-71.212,69.9,7.4 mb ,,,337.0,400.0,,
1130,1165,31-03-65 09:47,Greece ,38.339,22.299,50.3,6.3 mb ,,,6.0,,,
1131,1166,19-04-65 23:42,Japan ,34.842,138.278,38.7,5.6 mb ,,,2.0,,,
1132,1167,29-04-65 15:28,United States ,47.317,-122.335,65.4,6.5 mb ,,,7.0,7.0,,
1133,1168,06-07-65 03:18,Greece ,38.391,22.426,23.3,5.8 mb ,,,1.0,,,
1134,1169,23-08-65 19:46,Mexico  ,16.178,-95.846,10.5,7.4 Mw ,,,5.0,,,
1135,1170,13-11-65 04:33,China ,43.84,87.755,51.6,7.0 Muk ,,,7.0,,,
1136,1171,05-02-66 02:01,Greece ,39.044,21.757,21.4,6.2 Muk ,,,1.0,,,
1137,1172,05-02-66 15:12,China ,26.16,103.171,9.2,5.6 mb ,,,371.0,,,
1138,1173,07-03-66 21:29,China ,37.388,114.963,7.7,6.6 Mw ,,,,0.0,,
1139,1174,12-03-66 16:31,Japan ,24.307,122.695,28.9,7.4 Mw ,,,7.0,,,
1140,1175,20-03-66 01:42,Democratic Republic of the Congo ,0.842,29.873,15,7.2 Muk ,,,200.0,128.0,,
1141,1176,22-03-66 08:11,China  ,37.551,114.991,17.7,5.6 mb ,,,8064.0,,,
1142,1177,25-04-66 23:22,Uzbekistan  ,,,,5 ML ,,,,10.0,,
1143,1178,27-06-66 10:41,Nepal ,29.554,80.854,22.7,6.0 mb ,,,80.0,80.0,,
1144,1179,01-08-66 21:02,Pakistan ,30.051,68.629,9.8,7.0 Muk ,,,2.0,,,
1145,1180,15-08-66 02:15,India ,28.616,78.892,25,5.6 mb ,,,15.0,,,
1146,1181,19-08-66 12:22,Turkey  ,39.161,41.58,17.5,5.8 mb ,,,2517.0,2394.0,,
1147,1182,28-09-66 14:00,China ,27.457,100.089,5.5,5.8 mb ,,,32.0,,,
1148,1183,17-10-66 21:41,Peru ,-10.807,-78.684,20.7,8.2 Mw ,,,110.0,120.0,,
1149,1184,29-10-66 02:39,Greece ,38.874,21.176,11.3,5.7 mb ,,,1.0,,,
1150,1185,28-12-66 08:18,Chile ,-25.502,-70.655,30,7.7 Mw ,,,3.0,4.0,,
1151,1186,09-02-67 15:24,Colombia ,2.889,-74.799,40.4,7.2 Mw ,,,98.0,61.0,,
1152,1187,19-02-67 22:14,Indonesia ,-9.168,112.946,97.9,5.9 mb ,,,54.0,54.0,,
1153,1188,27-03-67 08:58,China ,38.516,116.601,26.8,5.5 mb ,,,9.0,,,
1154,1189,12-04-67 04:51,Indonesia ,5.084,96.232,18.6,6.1 mb ,,,14.0,,,
1155,1190,01-05-67 07:09,Greece ,39.552,21.291,13,5.9 Muk ,,,9.0,,,
1156,1191,22-07-67 16:56,Turkey  ,40.632,30.74,4.2,7.4 Mw ,,,173.0,183.0,,
1157,1192,26-07-67 18:52,Turkey ,39.502,40.408,8.7,5.6 mb ,,,110.0,,,
1158,1193,29-07-67 10:24,Colombia ,6.788,-73.073,160.9,5.9 mb ,,,20.0,,,
1159,1194,29-07-67 20:05,Venezuela  ,10.555,-67.31,23.7,6.5 mb ,,,240.0,240.0,,
1160,1195,30-08-67 04:22,China ,31.631,100.232,8.1,7.0 Muk ,,,39.0,,,
1161,1196,25-10-67 00:59,Taiwan ,24.464,122.221,67.1,7.0 mb ,,,2.0,,,
1162,1197,30-11-67 07:23,Albania ,41.379,20.456,36.5,5.8 mb ,,,18.0,7.0,,
1163,1198,10-12-67 22:51,India  ,17.394,73.774,10.7,6.3 Muk ,,,180.0,177.0,,
1164,1199,21-12-67 02:25,Chile ,-21.864,-69.948,42.5,7.4 Mw ,,,1.0,,,
1165,1200,14-01-68,Italy  ,38,13,,6.4 Muk ,,,,,380.0,
1166,1201,19-02-68 22:45,Greece ,39.372,24.946,8.1,7.2 Mw ,,,20.0,19.0,,
1167,1202,01-04-68 00:42,Japan ,32.482,132.192,30.2,7.5 Mw ,,,1.0,,,
1168,1203,16-05-68 00:49,Japan ,40.903,143.346,25.8,8.3 Mw ,,,52.0,47.0,,
1169,1204,23-05-68 17:24,New Zealand ,-41.743,172.123,46.7,7.2 Mw ,,,3.0,,,
1170,1205,19-06-68 08:13,Peru ,-5.558,-77.151,15.6,6.9 Ms ,,,46.0,11.0,,
1171,1206,02-07-68 03:44,Mexico ,17.515,-100.259,58.3,5.7 mb ,,,1.0,,,
1172,1207,01-08-68 20:19,Philippines  ,16.384,122.078,52.2,7.7 Mw ,,,207.0,271.0,,
1173,1208,02-08-68 14:06,Mexico ,16.494,-97.771,49.8,7.3 Mw ,,,18.0,,,
1174,1209,14-08-68 22:14,Indonesia ,0.058,119.69,18.8,7.3 Mw ,,,392.0,,,
1175,1210,31-08-68 10:47,Iran  ,34.045,58.96,12.3,7.2 Mw ,,,15000.0,10000.0,,
1176,1211,11-02-69 22:08,China ,41.426,79.239,13.1,7.1 Muk ,,,2.0,,,
1177,1212,23-02-69 00:37,Indonesia ,-3.179,118.799,60.6,5.9 mb ,,,600.0,,,
1178,1213,18-07-69 05:24,China  ,38.421,119.453,12,7.2 Mw ,,,10.0,,,
1179,1214,02-10-69 06:19,United States  ,38.3,-122.764,15,5.7 Muk ,,,1.0,,,
1180,1215,27-10-69 08:10,Bosnia and Herzegovina ,44.837,17.234,15,6.1 Ms ,,,9.0,,,
1181,1216,04-01-70 17:00,China  ,24.147,102.462,14,7.2 Mw ,,,15621.0,10000.0,,
1182,1220,03-04-71 04:49,China ,32.178,95.028,15,5.6 mb ,,,1.0,,,
1183,1221,12-04-71 19:03,Iran ,28.264,55.608,5.6,5.9 Ms ,,,1.0,,,
1184,1222,28-04-71 15:32,China ,22.953,100.993,8,6.3 Ms ,,,2.0,,,
1185,1223,26-07-71 01:48,China ,39.848,77.246,41.1,5.8 mb ,,,1.0,,,
1186,1224,16-08-71 04:58,China ,28.879,103.672,22.7,5.5 mb ,,,10.0,,,
1187,1225,12-10-71 09:45,Guatemala ,15.797,-91.137,35.5,5.7 Ms ,,,2.0,,,
1188,1226,06-02-73 10:37,China ,31.353,100.545,10,7.7 Muk ,,,2199.0,,,
1189,1227,16-08-73 03:58,China ,23.003,101.078,6.4,6.4 Ms ,,,1.0,,,
1190,1228,22-04-74 00:29,China ,31.533,119.28,14.2,5.5 Ms ,,,8.0,,,
1191,1229,10-05-74 19:25,China  ,28.195,104.007,10.2,6.8 Ms ,,,1541.0,,,
1192,1230,02-10-74 02:54,Peru ,-5.882,-81.019,20.5,5.7 mb ,,,,78.0,,
1193,1231,04-02-75 11:36,China  ,40.667,122.646,8,7.0 Mw ,,,1328.0,10000.0,2041.0,
1194,1232,08-07-75 12:04,Burma ,21.452,94.598,117.6,6.5 mb ,,,1.0,,,
1195,1233,13-01-76 13:29,Iceland ,66.226,-16.578,15,6.3 Mw ,,,,1.0,,
1196,1235,05-04-76 16:54,China ,40.23,112.222,7,5.5 Ms ,,,28.0,,,
1197,1236,29-05-76 12:23,China ,24.501,98.93,6.5,6.7 Mw ,,,98.0,,,
1198,1237,29-05-76 14:00,China ,24.581,98.61,7.6,6.6 Mw ,,,,,,
1199,1238,21-07-76 15:10,China ,24.768,98.667,4.3,6.1 Mw ,,,11.0,,,
1200,1240,16-08-76 14:06,China  ,32.753,104.088,10.7,6.7 Mw ,,,,0.0,,
1201,1241,16-08-76 16:11,Philippines  ,6.292,124.089,57.9,8.0 Mw ,,6500.0,8000.0,6000.0,,
1202,1243,23-08-76 03:30,China ,32.481,104.182,7.9,6.4 Mw ,,,41.0,,,
1203,1244,06-11-76 18:04,China ,27.554,101.021,7.7,6.3 Mw ,,,33.0,,,
1204,1245,13-12-76 06:36,China ,27.336,101.024,3.4,5.9 Ms ,,,2.0,,,
1205,1246,01-01-77 21:39,China ,38.185,91.014,5.3,6.0 Mw ,,,2.0,,,
1206,1247,04-03-77 21:21,Romania  ,45.776,26.702,89,7.5 Mw ,,,1581.0,1641.0,,
1207,1248,19-08-77 05:08,Indonesia ,-11.18,118.37,29.4,5.7 Mw ,,,,185.0,,
1208,1249,19-08-77 06:08,Indonesia ,-11.126,118.38,22.6,8.3 Mw ,,189.0,189.0,,,
1209,1250,12-06-78 08:06,Japan ,38.235,142.105,46.2,5.7 mb ,,,28.0,,,
1210,1251,15-03-79 12:52,China ,23.162,101.106,13.5,6.0 Mw ,,,12.0,,,
1211,1252,23-08-80 21:50,India ,32.893,75.776,11.3,5.5 Mw ,,,13.0,,,
1212,1255,21-06-81 10:30,Chile ,-20.276,-70.384,36,5.7 Mw ,,,,10.0,,
1213,1256,23-01-82 14:10,Taiwan ,23.951,121.752,11.8,6.0 Mw ,,,1.0,,,
1214,1257,04-04-83 02:51,Indonesia ,5.722,94.687,85.6,7.0 Mw ,,,,0.0,,
1215,1259,12-04-83 12:07,Peru ,-4.846,-78.091,125.9,7.0 Mw ,,,10.0,,,
1216,1260,25-10-83 00:36,Indonesia ,1.151,120.841,26.6,6.5 Mw ,,,2.0,,,
1217,1261,16-12-83 13:15,Tajikistan ,39.351,72.929,13.3,5.9 Mw ,,,,12.0,,
1218,1262,21-12-83 23:32,Papua New Guinea ,-5.446,151.895,42.2,6.2 Mw ,,,10.0,10.0,,
1219,1263,21-05-84 15:37,China ,32.604,121.602,43.8,6.0 Mw ,,,13.0,,,
1220,1264,24-06-84 11:17,Dominican Republic ,17.981,-69.371,45.1,6.7 Mw ,,,5.0,,,
1221,1266,06-08-86 19:55,China ,29.28,100.754,10.8,5.3 Mw ,,,2.0,,,
1222,1267,06-03-87 01:54,Ecuador  ,0.04,-77.666,12.6,6.4 Mw ,,,,5000.0,,
1223,1268,11-08-88 16:00,Iran ,29.944,51.585,7.8,5.8 Mw ,,,,1.0,,
1224,1269,06-09-88 00:42,Papua New Guinea ,-6.062,146.226,0,4.3 ML ,,,74.0,,,
1225,1271,22-01-89 23:02,Tajikistan ,38.461,68.699,3.4,5.3 mb ,,274.0,274.0,274.0,,
1226,1272,09-03-89 02:37,Malawi ,-13.683,34.473,27.4,5.6 Mw ,,,,9.0,,
1227,1273,21-07-89 03:09,China ,30.001,99.362,5.9,5.6 Mw ,,,3.0,,,
1228,1274,18-10-89 17:01,China ,40.014,113.933,4.5,5.6 Mw ,,,17.0,,,
1229,1276,08-02-90 07:15,Philippines ,9.767,124.631,26,6.7 Mw ,,,,1.0,,
1230,1277,26-04-90 09:37,China ,36.059,100.278,9.3,6.2 Mw ,,,119.0,126.0,,
1231,1278,05-05-90 07:21,Italy ,40.665,15.851,1.7,5.8 Mw ,,,,2.0,,
1232,1279,05-01-91 14:57,Burma ,23.559,95.89,16.2,6.9 Mw ,,,2.0,0.0,,
1233,1280,31-01-91 23:03,Afghanistan ,35.944,70.403,142,6.8 Mw ,,,703.0,3.0,,
1234,1281,18-04-91 09:18,Tajikistan ,37.464,68.269,10.5,5.5 Mw ,,,3.0,24.0,,
1235,1282,02-09-92 00:16,Nicaragua  ,11.727,-87.38,45,7.6 Mw ,,184.0,184.0,179.0,,
1236,1283,12-12-92 05:29,Indonesia  ,-8.498,121.832,28,7.7 Mw ,,2519.0,1740.0,2500.0,,
1237,1284,15-01-93 11:06,Japan ,43.022,144.194,94.8,7.6 Mw ,,,2.0,2.0,,
1238,1285,02-02-93 16:05,China ,42.2,86.144,32,5.7 mb ,,,4.0,,,
1239,1286,13-10-93 02:06,Papua New Guinea ,-5.844,146.131,25,6.9 Mw ,,60.0,60.0,53.0,,
1240,1287,15-02-94 17:07,Indonesia ,-4.999,104.255,23,6.8 Mw ,,207.0,207.0,207.0,,
1241,1288,01-05-94 12:00,Afghanistan ,36.934,67.124,17.5,6.1 Mw ,,,,160.0,,
1242,1289,02-06-94 18:17,Indonesia  ,-10.409,112.934,34.5,7.8 Mw ,,277.0,277.0,,,
1243,1290,04-10-94 13:22,Russian Federation ,43.863,147.353,14,8.3 Mw ,,11.0,11.0,5.0,,
1244,1291,26-03-95 15:12,Ecuador ,-2.133,-79.509,95.5,5.6 Mw ,,,,1.0,,
1245,1292,24-09-96 19:24,China ,27.212,100.332,8.2,5.5 Mw ,,,1.0,0.0,,
1246,1293,09-07-98 14:19,Azerbaijan ,38.726,48.525,29,5.9 Mw ,,,,1.0,,
1247,1294,25-09-99 23:52,Taiwan ,23.813,121.087,17,6.5 Mw ,,,5.0,,,
1248,1295,26-11-99 13:21,Vanuatu ,-16.316,168.239,33,7.4 Mw ,,10.0,10.0,12.0,,
1249,1296,14-01-00 22:09,China  ,25.549,101.118,13.6,5.5 Mw ,,,,7.0,,
1250,1297,05-06-00 23:55,Indonesia ,-4.151,101.953,47,5.5 Mw ,,,,1.0,,
1251,1299,21-01-02 04:39,Democratic Republic of the Congo ,-1.77,28.996,11.6,5.1 Mw ,,,,45.0,,
1252,1302,22-05-03 18:11,Kazakhstan ,42.954,72.763,35,5.5 Mw ,,,,3.0,,
1253,1310,28-05-04 12:38,Iran ,36.257,51.565,26.7,6.3 Mw ,,35.0,,35.0,,
1254,1311,26-12-04 00:58,Indonesia  ,3.287,95.972,30,9.1 Mw ,,297200.0,,,231000.0,
1255,1316,30-08-08 08:30,China  ,26,101.9,10,5.7 Mw ,,,,,41.0,
1256,1317,05-10-08 15:52,Kyrgyzstan  ,39.515,73.768,27.6,6.9 Mw ,,,,,60.0,
1257,1319,28-10-08 23:09,Pakistan  ,,,,6.4 Mw ,,,,,215.0,
1258,1320,08-01-09 19:21,Costa Rica  ,10.3962,-84.0281,48,6.1 Mw ,,,,,34.0,
1259,1321,06-04-09 03:32,Italy  ,42.334,13.334,8.8,6.2 Mw ,,,,,295.0,
1260,1323,10-08-09 20:07,Japan  ,,,,6.4 Mw ,,,,,1.0,
1261,1324,02-09-09 07:55,Indonesia  ,,,,7.0 Mw ,,,,,79.0,
1262,1325,29-09-09 17:48,Samoa  ,,,8.1,8.1 Mw ,,,,,189.0,
1263,1326,30-09-09 10:16,Indonesia  ,,,,7.6 Mw ,,,,,1115.0,
1264,1327,12-01-10 17:00,Haiti  ,18.457,-72.533,13,7.0 Mw ,,,,,222517.0,
1265,1328,27-02-10 06:34,Chile  ,-35.846,-72.719,35,8.8 Mw  ,,,,,521.0,
1266,1329,08-03-10 02:32,Turkey  ,,,,6.1 Mw ,,,,,42.0,
1267,1330,11-03-10 14:39,Chile  ,,,,6.9 Mw ,,,,,1.0,
1268,1331,14-04-10 23:49,China  ,,,,6.9 Mw ,,,,,2698.0,
1269,1332,21-02-11 23:51,New Zealand  ,,,,6.3 Mw ,,,,,181.0,
1270,1334,11-03-11 14:46,Japan  ,38.322,142.369,24.4,9.0 Mw ,,,,,15894.0,
1271,1335,24-03-11 20:25,Burma  ,,,,6.8 Mw ,,,,,150.0,
1272,1337,18-09-11 12:40,India  ,27.723,88.064,19.7,6.9 Mw ,,,,,111.0,
1273,1338,23-09-11 10:41,Turkey  ,38.6,43.5,7.2,7.1 Mw ,,,,,601.0,
