,Year,Pop Density
0,1950,10.3879053398058
1,1951,10.628989684466
2,1952,10.881890776699
3,1953,11.1461747572816
4,1954,11.4214824029126
5,1955,11.7075236650485
6,1956,12.0040661407767
7,1957,12.3109441747573
8,1958,12.6280709951456
9,1959,12.9554150485437
10,1960,13.2930236650485
11,1961,13.6410303398058
12,1962,13.9996535194175
13,1963,14.3691941747573
14,1964,14.7500515776699
15,1965,15.142666868932
16,1966,15.5489417475728
17,1967,15.9697324029126
18,1968,16.4034848300971
19,1969,16.8478416262136
20,1970,17.3021905339806
21,1971,17.7677597087379
22,1972,18.2489672330097
23,1973,18.7525916262136
24,1974,19.287317961165
25,1975,19.8607730582524
26,1976,20.4719466019417
27,1977,21.1230115291262
28,1978,21.8280655339806
29,1979,22.6047688106796
30,1980,23.4637257281553
31,1981,24.403901092233
32,1982,25.4146432038835
33,1983,26.4836723300971
34,1984,27.5938762135922
35,1985,28.7273677184466
36,1986,29.8888604368932
37,1987,31.0664332524272
38,1988,32.2060788834951
39,1989,33.2385400485437
40,1990,34.1178307038835
41,1991,34.8152815533981
42,1992,35.3523895631068
43,1993,35.7956419902913
44,1994,36.240973907767
45,1995,36.7570655339806
46,1996,37.3683792475728
47,1997,38.0525224514563
48,1998,38.7746541262136
49,1999,39.4797694174757
50,2000,40.128552184466
51,2001,40.713843446602
52,2002,41.252020631068
53,2003,41.7552870145631
54,2004,42.2433859223301
55,2005,42.7316814320388
56,2006,43.2208009708738
57,2007,43.7081935679612
58,2008,44.2023919902913
59,2009,44.713328276699
60,2010,45.247276092233
61,2011,45.8079987864078
62,2012,46.3917317961165
63,2013,46.9874902912621
64,2014,47.5795461165049
65,2015,48.155635315534
66,2016,48.7120315533981
67,2017,49.2492645631068
68,2018,49.7644023058252
69,2019,50.2553191747573
70,2020,50.7203452669903
71,2021,51.1577906553398
72,2022,51.5666347087379
73,2023,51.9471286407767
74,2024,52.300270631068
75,2025,52.6272942961165
76,2026,52.9283495145631
77,2027,53.2045109223301
78,2028,53.4592797330097
79,2029,53.6971608009709
80,2030,53.9219101941748
81,2031,54.1349830097087
82,2032,54.3372305825243
83,2033,54.5309939320388
84,2034,54.7187166262136
85,2035,54.902171723301
86,2036,55.0822718446602
87,2037,55.2590643203884
88,2038,55.4322378640777
89,2039,55.6009544902913
90,2040,55.7642372572816
91,2041,55.9217949029126
92,2042,56.0727463592233
93,2043,56.2146474514563
94,2044,56.344411407767
95,2045,56.4593968446602
96,2046,56.5584277912621
97,2047,56.6406498786408
98,2048,56.7041947815534
99,2049,56.7471183252427
100,2050,56.7678725728155
101,2051,56.765625
102,2052,56.7400345873786
103,2053,56.6908076456311
104,2054,56.6179016990291
105,2055,56.521494538835
106,2056,56.4016359223301
107,2057,56.258776092233
108,2058,56.094088592233
109,2059,55.9091304611651
110,2060,55.7053774271845
111,2061,55.4837044902913
112,2062,55.2450018203884
113,2063,54.9908094660194
114,2064,54.7228513349515
115,2065,54.4427020631068
116,2066,54.1515800970874
117,2067,53.8505412621359
118,2068,53.5406826456311
119,2069,53.2230576456311
120,2070,52.8987251213592
121,2071,52.5687979368932
122,2072,52.2343944174757
123,2073,51.8965194174757
124,2074,51.5561535194175
125,2075,51.2142742718447
126,2076,50.8717026699029
127,2077,50.5294520631068
128,2078,50.1888677184466
129,2079,49.8514302184466
130,2080,49.5183616504854
131,2081,49.1903501213592
132,2082,48.8678155339806
133,2083,48.551317961165
134,2084,48.2412985436893
135,2085,47.9380449029126
136,2086,47.6417773058252
137,2087,47.3524466019417
138,2088,47.0696662621359
139,2089,46.7928197815534
140,2090,46.5213149271845
141,2091,46.2546310679612
142,2092,45.9923276699029
143,2093,45.7339520631068
144,2094,45.4789660194175
145,2095,45.2266941747573
146,2096,44.9762900485437
147,2097,44.7267226941748
148,2098,44.476760315534
149,2099,44.2249957524272
150,2100,43.9698398058252
